Smiles,y_true,y_pred
Cc1ccc(C(=O)NOCCCCCC(=O)NO)cc1C,6.6,6.839679
O=C(CCCCCCCC(=O)NO)NO,5.41,6.995495
CCN(CC)CCCC(C)Nc1ccnc2cc(Cl)ccc12,6.59,7.2511306
C[C@@H]1CC[C@H]2[C@@H](C)C(=O)O[C@@H]3O[C@@]4(C)CC[C@@H]1[C@]32OO4,9.0,7.9772577
C=CC12CCN(CC1)C(C(O)c1ccnc3ccc(OC)cc13)C2,6.38,6.5705004
Oc1ccc(Br)cc1CN1CCN(Cc2ccc(Cl)cc2)CC1,5.82,5.547501
O=C(Nc1ccccc1O)c1ccc(Oc2cccc(C(=O)Nc3ccccc3O)c2)cc1,6.7,5.010666
O=C(Nc1ccccc1O)c1ccc(-c2ccc(Cl)cc2Cl)o1,5.52,5.2048273
O=C(Nc1ccc(F)c(Cl)c1)Nc1ccc(Cl)c(Cl)c1,5.74,5.0496197
COc1ccc(C(=O)NC(c2ccccc2Cl)c2cc(Cl)c3cccnc3c2O)cc1,6.01,5.8910875
Oc1ccccc1CN1CCC2(CCCN(Cc3ccccc3F)C2)C1,6.19,6.105639
Cc1ccc2nc(C)cc(Nc3cccc(C(F)(F)F)c3)c2c1,5.86,5.1129203
CCCCCCn1c(=N)n(CC(O)COc2cccc(C)c2)c2ccccc21,5.74,5.7270546
CSc1ccccc1C(=O)Nc1nc(-c2ccccn2)cs1,5.75,6.486696
CC1CN(C(=O)c2sc3ccccc3c2Cl)CC(C)O1,6.98,6.6858406
CCOc1ccc(C2N(C)c3ccccc3N2C)cc1,6.04,4.5420003
CCOc1ccccc1CN1CCc2nc3cc(C(C)(C)C)nn3c(O)c2C1,5.91,5.731315
CC(C)CCNCC(O)Cn1c2ccccc2c2ccccc21,6.04,5.685666
CCOC(=O)c1cnc2ccc(Cl)cc2c1NCCCN(C)C,5.93,6.5059447
COc1ccccc1N1C(=N)SC(=Cc2ccc(OCc3ccccc3F)cc2)C1=O,6.09,5.587672
COc1ccc(CCNC(=O)c2cc(S(=O)(=O)N3CC(C)CC(C)C3)ccc2Sc2ccc(F)cc2)cc1OC,5.88,6.48681
CN1CCN(c2c3c(c(C#N)c4nc5ccccc5n24)CCC3)CC1,5.83,5.196306
Cc1ccc(Nc2nc(N)c3ccccc3n2)cc1Cl,5.96,6.1395717
Nc1ccc(-c2nc3cc(Oc4ccc(Oc5ccc6[nH]c(-c7ccc(N)cc7)nc6c5)cc4)ccc3[nH]2)cc1,6.5,5.8302217
Cc1cc(NC(=O)c2ccc(-c3ccccc3)cc2)no1,6.11,5.4647236
COCCNCC(O)Cn1c2ccc(Cl)cc2c2cc(Cl)ccc21,6.19,6.320114
Cn1c(=O)c2cc(C(=O)NCCCN3CCCCCC3)sc2c2ccccc21,6.44,5.5042863
Cc1ccc(C)c(Cn2c(N3CCC(C(=O)NCc4cccs4)CC3)nc3ccccc32)c1,5.94,5.517677
O=C(NC1CCN(Cc2ccccc2)CC1)c1cc(-c2cccnc2)nc2ccc(Cl)cc12,5.91,6.179895
CN(C)c1ccc(N=Cc2ccc(N3CCOCC3)cc2)cc1,6.46,5.5048947
Oc1ccc(-c2nc(-c3ccc4oc5ccc(-c6[nH]c(-c7ccc(O)cc7)nc6-c6ccccc6)cc5c4c3)c(-c3ccccc3)[nH]2)cc1,6.17,4.992406
c1ccc(Oc2ccc(-c3cc(N4CCNCC4)[nH]n3)cc2)cc1,5.18,5.2711706
OC(c1cc(C(F)(F)F)nc2c(C(F)(F)F)cccc12)C1CCCCN1,8.02,7.8956976
O=C(CCCCCCC(=O)NO)NO,5.82,6.857634
FC(F)(F)c1nc(-c2ccc(CCN3CCC(Nc4nc5cnccc5[nH]4)CC3)cc2)no1,5.86,7.6035423
CC(=O)O[C@H]1CC(C)(C)[C@]2(O)CCc3c(cc(O)c(C=O)c3C)[C@@]2(C)[C@H]1OC(C)=O,5.3,5.3356886
COc1cc([C@H](O)[C@@H](C)Oc2c(OC)cc(C)cc2OC)cc(OC)c1OC,6.42,4.808592
CC(O)c1cc2c(o1)C(=O)c1ccccc1C2=O,6.14,5.672884
N/C(=N\C(=O)c1nc(Cl)c(N)nc1N)NCc1ccc(Cl)c(Cl)c1,6.84,6.001863
CCN(CC)CCCC(C)Nc1ccnc2cc(Cl)ccc12,7.66,7.2511306
N=C(N)c1ccc(NC(=O)c2cccc(C(=O)Nc3ccc(C(=N)N)cc3)c2)cc1,6.16,7.3509502
Clc1cccc(C(Nc2ccnc3cc(Cl)ccc23)c2ccc(CN3CCOCC3)cc2)c1,6.66,7.009798
FC(F)(F)c1cc(NC(c2ccc(Cl)cc2)c2ccc(CN3CCCC3)cc2)c2cccc(C(F)(F)F)c2n1,5.86,6.6614943
COc1ccc2nc3cc(Cl)ccc3c(Nc3cc(CN4CCCC4)c(O)c(CN4CCCC4)c3)c2n1,7.92,8.098989
CN(C)c1ccc2nc3ccc(N(C)C)cc3[s+]c2c1,6.72,4.6113873
Clc1ccc2c(c1)[I+]c1ccccc1-2.O=S(=O)([O-])C(F)(F)F,7.15,6.5076947
Clc1cccc2c1-c1ccccc1[I+]2.O=S(=O)([O-])C(F)(F)F,7.15,6.2342176
CN(C)CCNc1cc(-c2ccccc2)nc2ccccc12,5.44,7.0052333
c1ccc2c(NCCc3c[nH]c4ccccc34)c3ccccc3nc2c1,6.7,5.719142
CCN(CC)c1cc(C)c2cc(NC(=O)c3cccc(OC)c3)ccc2n1,5.56,5.829309
CCN(c1nc(N)c(C(=O)NC(=N)N)nc1Cl)C(C)C,6.08,4.9948406
FC(F)(F)c1nc(-c2ccc(CCN3CCC(Nc4nc5cnc(Cl)cc5[nH]4)CC3)cc2)no1,5.73,6.851243
Nc1cc(/C=C/c2c[nH]c3ccccc23)nc2ccccc12,5.85,6.553686
CC1CCCN(c2cccc(Br)c2O)C1,6.89,5.5304585
CCCN(CC1CC1)c1cc(Br)cc(Br)c1O,6.15,5.8493943
COc1cc(NC2CCN(Cc3ccccc3)CC2)cc(OC)c1,6.36,5.270562
CC(=O)N(C1=C(N(C)C)C(=O)c2ccccc2C1=O)c1cccc(Br)c1,7.49,7.036579
CC(=O)N(C1=C(N2CCCCC2)C(=O)c2ccccc2C1=O)C1CCCCC1,5.27,4.9291058
CN1CCN(CCCC(c2ccc(F)cc2)c2ccc(F)cc2)CC1,4.92,5.1153545
C[C@H]1Cc2c([nH]c3ccccc23)[C@@]2(N1)C(=O)Nc1ccc(Cl)cc12,7.36,7.3399944
COc1ccc(N2CCN(C(CNC(=O)C3CCCCC3)c3ccc4c(c3)OCO4)CC2)cc1,6.24,5.6333213
CN(C)c1ccc(C(O)(c2ccc(N(C)C)cc2)c2ccc(N(C)C)cc2)cc1,6.66,5.6028886
CCN(CC)CCCC(C)Nc1cc(-c2ccc(C(F)(F)F)cc2)c(C#N)c2nc3ccccc3n12,5.52,6.5160255
CCNCCNc1cc(-c2ccc(Cl)cc2)c(C#N)c2nc3ccccc3n12,6.16,6.7988987
Clc1ccc(C(Nc2ccnc3cc(Cl)ccc23)c2ccc(CN3CCOCC3)cc2)cc1,7.06,7.3686013
COc1ccc2nc3cc(Cl)ccc3c(Nc3cc(CN4CCCC4)c(O)c(CN4CCCC4)c3)c2n1,7.64,8.097772
COc1ccc2nc3cc(Cl)ccc3c(Nc3cc(CN4CCCC4)c(O)c(CN4CCCC4)c3)c2n1,8.22,8.097772
COc1cc2cccnc2c2nc(C)c3ccoc3c12,5.43,5.977821
CC[C@H](C)[C@@H]1NC(=O)[C@H](Cc2ccc(O)cc2)N(C)C(=O)[C@H](Cc2ccccc2)NC(=O)CN(C)C(=O)[C@@H]2CCCN2C(=O)[C@@H](Cc2ccccc2)N(C)C(=O)[C@H](CC(C)C)NC1=O,5.27,5.618105
C[C@H]1[C@H](OC(=O)CCC(=O)O)O[C@@H]2O[C@@]3(C)CC[C@H]4[C@H](C)CC[C@@H]1[C@@]24OO3,7.72,8.426446
COc1cccc(Nc2nc(NCCO)c3ccccc3n2)c1,6.05,6.5274377
COc1ccc(CCN2CCC(CN(C)Cc3cnn(-c4ccccc4)c3)CC2)cc1,5.57,5.8086147
O=C(/C=C/c1ccc(Br)cc1)NCCCCNc1ccnc2cc(Cl)ccc12,7.96,7.6796246
COc1ccc(/C=C/C(=O)NCCCCNc2ccnc3cc(Cl)ccc23)cc1OC,7.96,7.200612
NC(=O)c1ccc(-c2cnc(N)c(-c3ccc(C(F)(F)F)cc3)n2)cc1,6.63,7.8725686
Nc1ncc(-c2ccc(C(=O)O)cc2)nc1-c1ccc(C(F)(F)F)nc1,6.77,7.755707
Clc1ccc(C(OCCN2CCCCC2)c2ccccc2)cc1,5.31,5.3929024
Clc1cc(Br)ccc1-c1ccc(CNCC2CCNCC2)s1,6.07,6.228131
N/C(CC(O)c1cc2c(F)cc(F)cc2c2cc(C(F)(F)F)ccc12)=N\N=C\c1ccc(F)cc1,6.7,6.565707
CC(C)C1=C[C@H]2OC3(CCC(NCCNc4ccnc5cc(Cl)ccc45)CC3)OO[C@@]2(C)CC1.O=C(O)CC(O)(CC(=O)O)C(=O)O,7.55,7.7739663
COc1cccc(NC(=O)[C@H](C(C)C)n2c(=O)[nH]c3ccccc3c2=O)c1,6.8,5.646712
COc1c(OC)c(OC)c2c(c1O)c(=O)c1ccccc1n2C,5.08,5.0593586
CCN(CC)CCCC(C)Nc1ccnc2cc(Cl)ccc12,6.74,7.2505217
Oc1ccc(CN2CC(CNc3ccccc3)C3(C2)CN(c2ccccc2)C3)cc1,6.11,6.9674964
CCN(CC)c1ccc2cc(C3=NN(c4ccccc4)C(c4ccc(Cl)cc4)C3)c(=O)oc2c1,5.04,5.725229
Fc1ccc(-c2nc3c(N4CCCN(CC5CC5)CC4)nccc3[nH]2)cc1F,5.28,7.1129656
NC(=O)c1ccc(-c2cnc(N)c(-c3ccc(C(F)(F)F)cc3)n2)cc1,6.12,7.8725686
Nc1ncc(-c2ccc(C(=O)N3CCC(O)CC3)cc2)nc1-c1ccc(C(F)(F)F)cc1,6.22,8.335148
CC1(C)OOC1(C)C,7.35,5.467767
CCCCCCCCCCCC[n+]1c2c(n(CC(C)C)c1C)C(=O)c1ccccc1C2=O,6.76,8.133074
CCc1cccc(CNC(=O)c2nc3cccc(COCc4ccc(C(=O)O)cc4)c3c(=O)[nH]2)c1,7.12,7.5560675
Cc1c(CNC(C)(C)C)cc(-c2ccccc2)n1Nc1ccnc2cc(Cl)ccc12,7.2,6.1293764
CCN(CC)Cc1cc(-c2ccccc2)n(Nc2ccnc3cc(Cl)ccc23)c1C,7.37,7.08375
CCN(CC)CCCC(C)Nc1ccnc2cc(Cl)ccc12,7.91,7.2511306
COc1ccc(-c2cn(C3CCCC3)c3ncnc(N)c23)cc1,4.2,5.14944
COc1ccccc1CNC(=O)C1c2ccccc2C(=O)N(CC(C)C)C1c1cccs1,5.94,5.097095
N#Cc1c(C(F)(F)F)cc(NCc2cccs2)n2c1nc1cc(Cl)c(Cl)cc12,5.78,6.099857
C[C@H]1[C@H](OC(=O)CCC(=O)O)O[C@@H]2O[C@@]3(C)CC[C@H]4[C@H](C)CC[C@@H]1[C@@]24OO3,9.0,8.426446
Cc1c2c(c(O)c3c1OC1=C(C(=O)C(C)(C)C(=O)C1(C)C)C3CC(C)C)C(=O)C[C@@H](c1ccccc1)O2,5.01,5.3758597
Cc1c(O)c2c(c3c1OC1=C(C(=O)C(C)(C)C(=O)C1(C)C)[C@@H]3CC(C)C)O[C@H](c1ccccc1)CC2=O,5.14,5.1567435
CCOc1ccccc1CNC(=O)C1c2ccccc2C(=O)N(CC(C)C)C1c1cccs1,5.91,5.0715313
Fc1cccc(NC2CCN(CCc3ccccc3)CC2)c1,6.04,6.212154
Fc1ccc(C(CCCN2CCCC2)c2ccc(F)cc2)cc1,4.92,5.7660084
Fc1ccc(C(CCCN2CCOCC2)c2ccc(F)cc2)cc1,4.74,5.4793315
CN(C)c1ncnc2c1c(-c1ccc(Oc3ccccc3)cc1)cn2C1CCCC1,5.22,5.305256
CNCCc1cc(OC)c(Br)cc1Br,4.96,5.2918653
N=C(NC1CC1)c1ccc(N2CCN(c3ccc(C(=N)NC4CC4)cc3)CC2)cc1,6.45,8.553047
CCCCNc1nc(NC(C)(C)C)nc(NC(C)(C)C)n1,6.05,6.4546843
Nc1ncc(-c2ccc(C(=O)N3CCNCC3)cc2)nc1-c1ccc(C(F)(F)F)cc1,6.87,8.27063
C(=N/Nc1nncc2ccccc12)\c1c(-c2ccccc2)[nH]c2ccccc12,5.46,5.4848094
N=C(NC1CCCC1)c1ccc(N2CCN(c3ccc(C(=N)NC4CCCC4)cc3)CC2)cc1,6.53,8.909719
CC(C)=CCc1cc(O)c2c(=O)c3cccc(O)c3oc2c1O,5.0,5.039881
C[C@H](C(=O)N1CC(CNc2ccc(F)cc2)C2(C1)CN(c1cc(F)cc(F)c1)C2)c1ccc(O)cc1,6.96,5.7641826
Nc1ccc(C[C@@H](N)C(=O)N2CC(CNc3ccc(F)cc3)C3(C2)CN(c2cc(F)cc(F)c2)C3)cc1,7.48,5.033795
CCN(CC)CCCC(C)Nc1ccnc2cc(Cl)ccc12,7.2,7.2511306
CN[C@@H](CCN(C)CCc1cc(OC)c(Br)cc1Br)C(=O)NCCCN(C)CCc1cc(OC)c(Br)cc1Br,5.8,6.00095
COc1ccc(C[C@H](N)C(=O)N[C@H]2[C@@H](O)[C@H](n3cnc4c(N(C)C)ncnc43)O[C@@H]2CO)cc1,7.22,7.280346
N[C@@H](C(=O)N1CC(CNc2ccc(F)cc2)C2(C1)CN(c1cc(F)cc(F)c1)C2)c1ccc(O)cc1,7.09,5.6083665
CCCCCC(=O)N[C@H](C(=O)N[C@@H](CCS(C)(=O)=O)C(=O)N[C@@H](CC(C)C)C(=O)[C@@]1(C)CO1)C(C)C,6.8,8.706429
Cc1n(CC(C)C)c2c([n+]1C1CC1)C(=O)c1ccccc1C2=O,6.08,8.403317
CCCCCCCCCC[n+]1c2c(n(CC(C)C)c1C)C(=O)c1ccccc1C2=O,6.63,8.235328
CC(C)(C)OC(=O)N1CCN(c2cc(-c3ccc(Oc4ccccc4)cc3)n[nH]2)CC1,5.09,6.2971373
Clc1cc(-c2ccccc2)ccc1-c1ccc(CNCC2CCNCC2)o1,5.85,5.699056
COc1ccccc1-c1ccc(CNCC2CCNCC2)o1,4.93,5.128745
OC[C@H]1O[C@@H](n2cnc3c(NCCC(c4ccccc4)c4ccccc4)nc(NC4CCCC4)nc32)[C@H](O)[C@@H]1O,5.48,5.549327
OC[C@H](OCc1ccccc1)[C@@H](NCc1ccccc1)c1ccccc1Br,4.98,6.0986395
CCCN[C@@H](c1ccc(OC)cc1)[C@H](CO)Oc1ccccc1,4.78,5.4592457
CCCN1COC[C@@H](Oc2ccccc2)[C@H]1c1ccc(OC)cc1,4.06,5.320472
Cc1ccc([C@@H]([C@H](CO)OCc2ccccc2)N(C)CC(C)C)cc1,4.09,5.363078
CC[C@H](C)[C@@H]1NC(=O)[C@H](Cc2ccc(O)cc2)N(C)C(=O)[C@H](Cc2ccccc2)NC(=O)CN(C)C(=O)[C@@H]2CCCN2C(=O)[C@@H](Cc2ccccc2)N(C)C(=O)[C@H](CC(C)C)NC1=O,5.42,5.618105
N=C(NC1CCC1)c1ccc(N2CCN(c3ccc(C(=N)NC4CCC4)cc3)CC2)cc1,8.15,8.262109
CCCC/N=C(/N)c1ccc(N2CCN(c3ccc(/C(N)=N\CCCC)cc3)CC2)cc1,7.72,7.6924067
CN(C)c1ccc(/C=C/C(=O)NCCCCNc2ccnc3cc(Cl)ccc23)cc1,7.96,7.3716445
N=C(N)c1ccc(COc2ccccc2OCc2ccc(C(=N)N)cc2)cc1,6.17,7.056056
CCN(CC)c1ccc2cc(C3=NN(C(=O)c4ccccc4)C(c4ccc(O)cc4)C3)c(=O)oc2c1,4.84,6.266933
CC[C@H](C)C(=O)O[C@@H]1[C@H]2C(C)=CC(=O)[C@@H](O)[C@]2(C)[C@H]2[C@@H](O)[C@H](O)[C@@]3(C)OC[C@@]24[C@@H]1OC(=O)[C@H](OC(=O)[C@@H](C)CC)[C@@H]34,5.95,7.4525957
Cc1cc(C)nc(-n2nc(C)cc2Nc2ccccc2)n1,6.66,3.5304132
OC(c1cc(C(F)(F)F)nc2c(C(F)(F)F)cccc12)C1CCCCN1,7.91,7.8956976
Clc1cccc(C(Nc2ccnc3cc(Cl)ccc23)c2ccc(CN3CCCC3)cc2)c1,7.68,7.4726815
CCCN(CC1CC1)c1cc(Cl)cc(Cl)c1O,6.48,5.4300303
CCCCN(Cc1ccccc1)c1ccccc1O,6.38,5.1676993
CN(Cc1ccccc1)c1cc(Br)cc(Br)c1O,6.17,5.558457
Oc1c(Cl)cccc1C1=NN=C(c2ccc(F)cc2)C1,5.82,4.797636
Clc1ccc(CNC2CCN(Cc3ccccc3)CC2)cc1,6.6,5.0179696
COc1cc(NC2CCN(CCc3ccccc3)CC2)cc(OC)c1,5.92,5.686883
CC(C)C[C@@H]1NC(=O)[C@H](CCCN)NC(=O)[C@H](C(C)C)NC(=O)[C@H](Cc2ccc(O)cc2)N[C@@H](CCC(=O)O)C(=O)N[C@@H](CC(N)=O)C(=O)[C@@H](Cc2ccccc2)NC(=O)[C@H](Cc2ccccc2)NC(=O)[C@@H]2CCCN2C(=O)[C@@H](Cc2ccccc2)NC1=O,10.3,6.08251
C=C[C@H]1CN2CC[C@H]1C[C@@H]2[C@@H](O)c1ccnc2ccc(OC)cc12.C=C[C@H]1CN2CC[C@H]1C[C@@H]2[C@@H](O)c1ccnc2ccc(OC)cc12,7.25,7.479377
O=C(Nc1ccccc1)N1CCN(CCCC(c2ccc(F)cc2)c2ccc(F)cc2)CC1,5.14,5.4184656
O=C1CCN(CCCC(c2ccc(F)cc2)c2ccc(F)cc2)CC1,5.27,5.364904
CCCNC(=N)c1ccc(N2CCN(c3ccc(C(=N)NCCC)cc3)CC2)cc1,7.54,8.312018
CC(C)CCNC(=N)c1ccc(N2CCN(c3ccc(C(=N)NCCC(C)C)cc3)CC2)cc1,7.38,8.671126
Cn1cc(CN2CC3(CCN(c4ncc(C(=O)NO)cn4)C3)C2)c2ccc(C#N)cc21,7.81,6.6048894
C[C@H]1[C@H](OC(=O)CCC(=O)O)O[C@@H]2O[C@@]3(C)CC[C@H]4[C@H](C)CC[C@@H]1[C@@]24OO3,7.92,8.426446
CC(C)OCc1cc(CN2CCN(c3cccc(Cl)c3)CC2)c(O)c2ncccc12,6.24,5.9218245
CCN(CC)CCNc1ccnc2cc3ccccc3cc12,6.33,6.3424063
COc1ccc(NC(=O)C2c3ccccc3C(=O)N(CC(C)C)C2c2cccs2)cc1,5.9,5.3862066
OC(CNCC1CCCO1)Cn1c2ccc(Cl)cc2c2cc(Cl)ccc21,6.13,6.4441066
Nc1ccc(-c2ccc3ncc4[nH]c(=O)n(-c5cccc(C(F)(F)F)c5)c4c3c2)cc1,5.49,6.4706044
N[C@@H](C(=O)N1CC(CNc2ccc(F)cc2)C2(C1)CN(c1cc(F)cc(F)c1)C2)c1ccc(O)cc1,7.85,5.6083665
N[C@H](Cc1ccc(O)cc1)C(=O)N1CC(CNc2ccc(F)cc2)C2(C1)CN(c1cc(F)cc(F)c1)C2,7.85,5.5444574
O=C(Cc1ccc(O)cc1)N1CC(CNc2ccccc2)C2(C1)CN(c1ccccc1)C2,6.85,6.954715
O=C(Cc1cc(F)c(O)c(F)c1)N1CC(CNc2ccc(F)cc2)C2(C1)CN(c1ccc(F)cc1)C2,5.57,5.4732447
O=C(Cc1ccc(O)cn1)N1CC(CNc2ccc(F)cc2)C2(C1)CN(c1cc(F)cc(F)c1)C2,7.44,5.725229
NC1=NC(c2ccccc2Cl)NC(NCCCOc2ccc(Cl)cc2)=N1,5.18,5.1567435
NC1=NC(c2ccccc2)NC(NCCCOc2ccc(Cl)cc2Cl)=N1,5.34,5.820179
Cn1c(=O)n(-c2cccc(C(F)(F)F)c2)c2c3cc(-c4ccc(N)nc4)ccc3ncc21,7.55,7.5907607
Cc1ccc(-c2ccc3ncc4c(c3c2)n(-c2cccc(C(F)(F)F)c2)c(=O)n4C)cn1,7.09,7.1853957
Cn1c(=O)n(-c2cccc(C(F)(F)F)c2)c2c3cc(-c4ccc5[nH]cnc5c4)ccc3ncc21,6.8,7.265738
c1cc(N2CCN(c3ccc(C4=NCCN4)cc3)CC2)ccc1C1=NCCN1,7.05,6.82781
N=C(NO)c1ccc(N2CCN(c3ccc(C(=N)NO)cc3)CC2)cc1,5.08,4.2887993
N#Cc1ccc(-c2ccc3ncc4[nH]c(=O)n(-c5cccc(C(F)(F)F)c5)c4c3c2)cc1,5.2,5.5304585
Cn1c(=O)n(-c2cccc(C(F)(F)F)c2)c2c3cc(-c4ccc(C#N)cc4)ccc3ncc21,4.96,5.661928
CCn1c(=O)n(-c2cccc(C(F)(F)F)c2)c2c3cc(-c4ccc(Cl)cc4)ccc3ncc21,4.98,5.501243
Oc1ccc(Cl)cc1/C=N\Nc1nncc2ccccc12,5.78,5.212131
N=C(N)c1ccc(NC(=O)c2ccc(C(=O)Nc3ccc(C(=N)N)cc3)cc2)cc1,5.39,6.8482
Cc1cccc2c1-c1ccccc1[I+]2.O=S(=O)([O-])C(F)(F)F,7.15,6.3599052
CC1=C(CC(=O)c2cccc([N+](=O)[O-])c2)C(=O)c2ccccc2C1=O,6.04,5.6229744
COc1ccc2c(c1)C1(Nc3ccccc3-c3nc4ccccc4n31)C(=O)N2,5.54,4.7952013
Nc1nccc2ccc(-c3ccc4nccn4c3)cc12,6.4,6.348873
CCN(CC)c1ccc2cc(C3=NN(c4ccccc4)C(c4ccc(F)cc4)C3)c(=O)oc2c1,4.47,5.5109816
CCNCCNc1cc(-c2ccc(C(=O)OC)cc2)c(C#N)c2nc3ccccc3n12,5.77,6.8405914
NS(=O)(=O)c1cccc(-c2ccc3ncc(N4CCOCC4)nc3c2)c1,5.88,5.675927
CN(C(=O)c1cc2c(-c3cncnc3)cccc2[nH]1)c1ccccc1,6.24,6.105943
CCN(CC)S(=O)(=O)c1ccc(Cl)c(C(=O)Nc2ccc3nc(C)sc3c2)c1,5.41,6.1783733
COc1ccc(-c2cnc3ccc(NCc4ccc(S(N)(=O)=O)cc4)nn23)cn1,5.99,6.168939
O=C(Nc1nc(-c2ccccn2)cs1)C1CC1c1ccccc1F,6.28,5.3977714
CNC(=O)CNc1nc(-c2ccccn2)nc2scc(-c3ccccc3)c12,6.08,5.710012
CCN(CC)CCCC(C)Nc1ccnc2cc(Cl)ccc12,4.97,7.2505217
CCN(CC)c1ccc2cc(C3=NNC(c4ccc(F)cc4)C3)c(=O)oc2c1,4.35,5.6065407
CCN(CC)c1ccc2cc(C3=NN(c4ccccc4)C(c4ccc(O)cc4)C3)c(=O)oc2c1,4.6,5.7124467
CCN(CC)c1ccc2cc(C3=NN(c4ccccc4)C(c4ccc([N+](=O)[O-])cc4)C3)c(=O)oc2c1,4.38,5.419683
C=CC[N+](C)(C)c1ccc(CCC(=O)CCc2ccc([N+](C)(C)CC=C)cc2)cc1,6.97,7.939521
CCCCCC[C@H]1C(=O)O[C@H](C)[C@H](NC(=O)c2cccc(NC=O)c2O)C(=O)O[C@@H](C)[C@@H]1OC(=O)CC(C)C,5.66,6.3405805
CCCCOc1ccc(CC(=O)NO)cc1,5.56,6.932803
FC(F)(F)c1ccc2/c(=N/c3ccc(-c4ccccc4)cc3)ccn(CCCN3CCCCC3)c2c1,6.71,6.745185
CC1=C[C@@H](C)[C@H]2[C@@H]3C(=O)C(Cl)(Cl)C(=O)[C@H](C)C(=O)O[C@@H](C)/C=C/C=C\[C@@H](C)[C@@H]3C=C[C@@H]2C1,7.39,5.5000257
Cc1cccc(-n2ncc3c(O)nc(-n4nc(C)cc4NC(=O)c4cc5ccccc5o4)nc32)c1,6.0,5.794007
CC(C)(C)c1ccc(O)c(CNC2CCCCC2)c1,6.74,6.796464
CCOC(=O)c1c(NC(=O)c2ccccc2)sc2c(O)c(CN(CC)CC)ccc12,6.9,5.6777534
COc1ccc(C2c3ccc4ccccc4c3Oc3ncn(CCCn4ccnc4)c(=N)c32)cc1OC,5.91,5.889566
COc1ccc(C2c3ccc4ccccc4c3Oc3ncn(CCCN(C)C)c(=N)c32)cc1,6.35,6.09377
O=C(Nc1ccc(Cl)cc1)N1CCN(c2ccc3nncn3n2)CC1,5.98,5.2821264
CCC(C)NCC(O)(c1ccc(Cl)cc1)c1ccc(Cl)cc1,6.26,5.1908283
Cc1ccc(OCCCCCCNCCO)c(C)c1,5.61,5.802528
COCCNC(=O)c1ccc(OC2CCN(Cc3ccc(F)c(F)c3)CC2)c(Cl)c1,6.12,5.0958776
CCn1c(SCC(=O)Nc2cc(C(F)(F)F)ccc2Cl)nc2ccccc2c1=O,6.04,4.9631906
CCN(CC)c1ccc2cc(C3=NNC(c4ccc(F)cc4)C3)c(=O)oc2c1,4.47,5.6065407
CCN(CC)c1ccc2cc(C3=NN(C(=O)c4ccccc4)C(c4ccc([N+](=O)[O-])cc4)C3)c(=O)oc2c1,5.48,6.0876837
CC1CCCN(c2cc(Cl)cc(Cl)c2O)C1,6.96,5.4440293
Oc1ccccc1N1CCCC2CCCCC21,6.39,5.906608
CCCN1CCC(NC(c2ccccc2)c2ccc(Cl)cc2)CC1,5.96,5.2200437
Clc1cccc(CNC2CCN(Cc3ccccc3)CC2)c1,5.96,5.4616804
CC(=O)N(C1=C(N(C)C)C(=O)c2ccccc2C1=O)c1ccc(Cl)cc1,7.85,6.957758
CC(=O)N(C1=C(N(C)C)C(=O)c2ccccc2C1=O)c1ccc(F)c(F)c1,7.6,7.009494
OC1CCCCC1C1(NC(=S)Nc2ccccc2)CCCCC1,6.21,5.2048273
COc1cccc(NC(=O)[C@H](C(C)C)n2c(=O)[nH]c3ccccc3c2=O)c1,6.42,5.646712
CCCN[C@@H](c1ccc(C)cc1)[C@H](CO)Oc1ccccc1,4.86,5.661928
CCCN[C@@H](c1cccc(OC)c1)[C@H](CO)Oc1ccccc1,4.6,5.3338623
Oc1ccc(C(=C(Cl)Cl)c2ccc(O)cc2)cc1,5.72,5.249259
CC(C)(C)CC(C)(C)NCC(O)COc1ccc(Cl)cc1Cl,6.31,5.5450664
CCCCCCCCCCCCNC(=N)c1ccc(N2CCN(c3ccc(C(=N)NCCCCCCCCCCCC)cc3)CC2)cc1,5.41,7.6053686
CC(C)/N=C(/N)c1ccc(N2CCN(c3ccc(/C(N)=N\C(C)C)cc3)CC2)cc1,6.61,8.154985
Clc1ccc2/c(=N/c3ccc(-c4ccccc4)cc3)ccn(CCN3CCCC3)c2c1,6.73,6.7328596
CC1=C2C=C3C(=O)c4ccc(O)cc4C(=O)C3(O)C(C)=C2CC1,4.78,5.1603956
Clc1ccc(C(Nc2ccnc3cc(Cl)ccc23)(c2ccc(Cl)cc2)c2ccc(CN3CCCC3)cc2)cc1,7.32,7.430684
CC(/C=C/C(=O)NO)=C\[C@@H](C)C(=O)c1ccc(N(C)C)cc1,8.0,8.1452465
Cc1ccc(NC(=O)CN(Cc2ccc(C(=O)NO)cc2)C(=O)c2ccc(N(C)C)cc2)cc1,5.36,7.7045794
Cc1ccc(NC(=O)CN(Cc2ccc(C(=O)NO)cc2)C(=O)c2cc(C)cc(C)c2)cc1,5.0,7.574327
Cc1ccc(CNc2cc(C(F)(F)F)c(C#N)c3nc4cc(Cl)c(Cl)cc4n23)cc1,6.22,5.9881682
CN(C)c1ccc2nc3ccc(N(C)C)cc3[s+]c2c1,6.05,4.6113873
CCOC(=O)c1cn(CC)c2cc(N3CCCCC3)c(F)cc2c1=O,6.44,5.3314276
OC1CCCCC1C1(NC(=S)Nc2ccccc2)CCCCC1,6.42,5.204219
Cc1n(CC(C)C)c2c([n+]1C(C)C)C(=O)c1ccccc1C2=O,6.64,8.75512
Cc1n(CC(C)C)c2c([n+]1CC(C)C)C(=O)c1ccccc1C2=O,6.47,8.453227
CN(C)c1ccc2nc3ccc(N(C)C)cc3[s+]c2c1,6.84,4.6113873
CCN(CC)Cc1cc(C)cc(Nc2nc3ccccc3n2Cc2ccc(C(F)(F)F)cc2)c1O,6.96,6.6138673
CCCN1CCC(NCC(c2ccccc2)c2ccccc2)CC1,6.31,5.7440968
N=C(N)c1ccc(OCCCCCOc2ccc(C(=N)N)cc2)cc1,6.56,7.4958105
N=C(NCc1ccccc1)c1ccc(N2CCN(c3ccc(C(=N)NCc4ccccc4)cc3)CC2)cc1,7.0,8.092902
CCCCCCCNC(=N)c1ccc(N2CCN(c3ccc(C(=N)NCCCCCCC)cc3)CC2)cc1,7.32,7.9249134
CCCCCCNC(=N)c1ccc(N2CCN(c3ccc(C(=N)NCCCCCC)cc3)CC2)cc1,7.46,8.527483
O=C1C(O)=C([C@H]2CC[C@H](c3ccc(Cl)cc3)CC2)C(=O)c2ccccc21,8.34,8.331495
O=c1[nH]c2cnc3ccc(-c4cccnc4)cc3c2n1-c1cccc(C(F)(F)F)c1,4.94,5.982386
CC(=O)Nc1ccc(-c2ccc3ncc4[nH]c(=O)n(-c5cccc(C(F)(F)F)c5)c4c3c2)cn1,6.73,6.2174797
Cn1c(=O)n(-c2cccc(C(F)(F)F)c2)c2c3cc(-c4ccc(O)nc4)ccc3ncc21,6.53,6.7693787
Clc1ccc(C(Nc2ccnc3cc(Cl)ccc23)c2ccc(CN3CCCC3)cc2)cc1,7.14,7.573718
FC(F)(F)c1cccc(Nc2nc3ccccc3nc2Nc2cccc(C(F)(F)F)c2)c1,6.13,5.7094035
Oc1ccc(Cl)cc1CNc1nc2ccccc2[nH]1,6.0,5.797659
O=C(Nc1ccc(Cl)c(Cl)c1)Nc1ccc(Cl)c(Cl)c1,5.41,5.088574
CCN(CC)CCCNc1nc(-c2ccc(Cl)cc2)nc2ccccc12,6.37,6.6401916
COc1ccccc1C(=O)ON=C(N)Cc1cccc2ccccc12,5.4,5.532893
CC(C)CNC(=O)c1c(N)n(CCc2ccccc2F)c2nc3ccccc3nc12,6.17,5.7495747
CCOc1ccc(CN2CCN(CC(O)COc3ccc(OCC(O)CN4CCN(Cc5ccc(OCC)cc5)CC4)cc3)CC2)cc1,5.87,4.4811344
Cc1sc2ncnc(Sc3nc4ccccc4[nH]3)c2c1C,5.58,5.982386
CN(C)c1ccc(N=Cc2ccc(N3CCOCC3)cc2)cc1,5.38,5.5048947
O=C(CCCCCONC(=O)c1ccc(-c2ccccc2)cc1)NO,6.3,6.8990226
Cn1c(=O)n(-c2cccc(C(F)(F)F)c2)c2c3cc(-c4ccc(O)cc4)ccc3ncc21,6.64,6.483424
Cc1ccc(-c2ccc3ncc4[nH]c(=O)n(-c5cccc(C(F)(F)F)c5)c4c3c2)cc1,5.15,5.545675
COc1cccc(-n2c(=O)n(C)c3cnc4ccc(-c5ccc(N)nc5)cc4c32)c1,6.9,7.198786
COc1cccc2[nH]cc(-c3ccnc(N)n3)c12,4.4,5.3953366
CCNCCNc1cc(-c2ccccc2)c(C#N)c2nc3ccccc3n12,5.84,6.664233
COc1cc(NC(C)CCCNC2CCC3(CC2)OO[C@@]2(C)CCC(C(C)C)=C[C@H]2O3)c2ncccc2c1.O=C(O)CC(O)(CC(=O)O)C(=O)O,7.37,6.9617143
COc1ccc(Nc2nc(NCc3ccccc3)c3ccccc3n2)cc1,7.04,6.091944
CN1CCN(c2nc(Nc3ccc(O)cc3)nc3ccccc23)CC1,5.85,5.957431
Cc1ccc(Nc2nc(NCCO)c3ccccc3n2)cc1C,6.01,6.5371003
c1ccc(CNc2nc(Nc3ccccc3)nc3ccccc23)cc1,6.05,5.566369
CN1CCN(c2ccc(Nc3c4ccccc4nc4ccccc34)cc2)CC1,5.8,6.215197
N#Cc1ccc2c(c1)-c1ccccc1[I+]2.O=S(=O)([O-])C(F)(F)F,7.4,6.139876
Fc1ccc2c(c1)-c1ccccc1[I+]2.O=S(=O)([O-])C(F)(F)F,7.0,6.39224
COc1ccc(CN2CCN(Cc3ccccc3)CC2)c(O)c1,5.95,5.378903
CC1=C(CC(=O)c2cccc([N+](=O)[O-])c2)C(=O)c2ccccc2C1=O,6.89,5.623583
CCNCCNc1cc(-c2ccc(Cl)c(Cl)c2)c(C#N)c2nc3ccccc3n12,6.23,6.7180996
CCCN(CCC)CC(O)COc1ccccc1C(=O)Nc1ccccc1,6.68,5.563935
Clc1ccc2[nH]c3c(NCCCN4CCOCC4)ncnc3c2c1,6.21,5.8262653
COc1ccc(OC)c(C2C3=C(CC(C)(C)CC3=O)N(c3ccc(Cl)c(Cl)c3)C3=C2C(=O)CC(C)(C)C3)c1,5.53,6.1296806
Oc1c2c(nc3cc(-c4ccccc4)nn13)CCCC2,5.81,5.5505443
CC(C)(C)c1ccc(C2CC3=Nc4ccccc4N(C(=O)c4ccccc4Cl)C(c4ccc(F)cc4)C3=C(O)C2)cc1,5.7,5.7434883
Oc1ccccc1CN1CCN(C(c2ccccc2)c2ccccc2)CC1,6.02,6.170765
COc1ccc(CCN2CCC(Nc3nc4ccccc4n3Cc3ccc(F)cc3)CC2)cc1,6.6,6.7931166
CCNC(=O)N1CCN(CCCC(c2ccc(F)cc2)c2ccc(F)cc2)CC1,6.35,5.7818336
Fc1ccc(C(CCCN2CCCCC2)c2ccc(F)cc2)cc1,5.22,5.8302217
C/C(=C\Cn1cc(CSc2ccccc2C(=O)O)nn1)CCCC(C)CCCC(C)CCCC(C)C,5.01,5.2145658
CCC(C)CNC(=N)c1ccc(N2CCN(c3ccc(C(=N)NCC(C)CC)cc3)CC2)cc1,7.16,8.680864
Fc1ccc2[nH]c3c(NCCCN4CCOCC4)ncnc3c2c1,6.48,6.1532664
CC1CCN(Cc2ccc(NC(=O)c3cc4ccc5cccnc5c4[nH]3)cc2)CC1,6.62,6.0198183
Cc1n(CC(C)C)c2c([n+]1C)C(=O)c1ccccc1C2=O,5.96,8.740513
Cc1cccc(C(=O)NOCCCCCC(=O)NO)c1,6.37,6.864938
CC1(C)N=C(N)N=C(NCCCOc2ccc(Cl)cc2)N1,4.95,5.5694127
NC1=NC(c2ccc(F)cc2)NC(NCCCOc2ccc(Cl)cc2)=N1,5.21,5.43916
NC1=NC(c2ccccc2)NC(NCCCOc2ccc([N+](=O)[O-])cc2)=N1,5.41,5.1725683
O=C(CCCCCONC(=O)c1ccco1)NO,6.0,6.7721176
COc1ccc2nc3cc(Cl)ccc3c(Nc3cc(CN4CCCC4)c(O)c(CN4CCCC4)c3)c2n1,5.57,8.097772
CC(C)(C)NCc1cc(Br)cc(Nc2ccnc3cc(Cl)ccc23)c1,7.19,8.042993
CCOC(=O)c1cnc2ccc(CC)cc2c1O,6.19,5.5888896
Clc1ccc2c(N3CCCC3)ccnc2c1,5.89,5.897783
Cc1ccc(CSCc2ccc(C(=O)NC3CC3)o2)cc1,6.26,5.676536
Cc1ccc(-c2nc3ccccc3o2)cc1NCc1cc(Cc2ccccc2)ccc1O,5.77,5.9863424
COc1cc(SC)ccc1C(=O)N1CCCC(C)C1,5.4,5.636365
CCn1nc(-c2ccc(C(=O)OC)cc2)nc2c(=O)n(C)c(=O)nc1-2,6.16,5.224304
CCCCCCCCNC(=N)c1ccc(N2CCN(c3ccc(C(=N)NCCCCCCCC)cc3)CC2)cc1,6.86,7.935869
CC(C)OCc1cc(CN2CCN(c3cccc(Cl)c3)CC2)c(O)c2ncccc12,5.48,5.9218245
Oc1cc(Nc2ccnc3cc(Cl)ccc23)ccc1CNCC12CCCN1CCC2,7.09,7.1701794
Cc1sc2ncnc(Sc3nc4ccccc4[nH]3)c2c1C,6.07,5.9826903
CCCCCCCc1cc(/C=C2\N=C(c3ccc[nH]3)C=C2OC)[nH]c1C,7.15,8.277934
CCCCN(C)c1cc(Br)cc(Br)c1O,6.57,5.1068335
OC(c1cc(C(F)(F)F)nc2c(C(F)(F)F)cccc12)C1CCCCN1,8.68,7.8956976
CCCN(CC1CC1)c1cc(OC)cc(Br)c1O,6.54,5.75627
Oc1c(Cl)cccc1C1=NN=C(c2ccc(Cl)cc2)C1,4.82,5.047185
c1ccc(CCN2CCC(NC3CCCCC3)CC2)cc1,6.05,6.3416452
CC[C@]1(O)C[C@H]2CN(CCc3c([nH]c4ccccc34)[C@@](C(=O)OC)(c3cc4c(cc3OC)N(C=O)[C@H]3[C@@](O)(C(=O)OC)[C@H](OC(C)=O)[C@]5(CC)C=CCN6CC[C@]43[C@@H]65)C2)C1,9.0,6.3148646
CC[C@]1(O)C[C@@H]2CN(CCc3c([nH]c4ccccc34)[C@@](C(=O)OC)(c3cc4c(cc3OC)N(C)[C@H]3[C@@](O)(C(=O)OC)[C@H](OC(C)=O)[C@]5(CC)C=CCN6CC[C@]43[C@@H]65)C2)C1,8.7,7.508592
O=c1ccc2ccccc2[nH]1,5.94,4.5663466
O=S(=O)(c1ccccc1)N1CCN(CCCC(c2ccc(F)cc2)c2ccc(F)cc2)CC1,5.52,4.8998904
CCN(CC)S(=O)(=O)c1ccc(-c2csc(Nc3ccc(C)c(C)c3)n2)cc1,6.03,5.7343583
COc1ccccc1CNC(=O)CCn1c(=O)[nH]c2ccsc2c1=O,6.01,4.9388447
O=C(Nc1ccc(N2CCN(Cc3ccccc3)CC2)cc1)c1cccs1,6.13,5.0837045
O=C(Nc1ccc(N2CCCCC2)c(Cl)c1)c1ccc(Br)o1,6.25,5.1616125
O=C(NC1CCN(Cc2ccccc2)CC1)c1cc(C(=O)NC2CCN(Cc3ccccc3)CC2)cc(C(=O)NC2CCN(Cc3ccccc3)CC2)c1,6.58,5.586455
CN(C)CCCNCc1ccc(-c2ccc(F)c(Cl)c2)o1,5.93,5.929433
COc1ccc(-c2nonc2NC(=O)c2cccc(Cl)c2)cc1OC,5.88,5.258389
CC(=O)Nc1nnc(SCc2c(C)cc(C(C)(C)C)cc2C)s1,6.1,4.5663466
CCCCCC(=O)N1c2ccccc2NC2=C(C(=O)CC(c3ccc(OC)c(OC)c3)C2)C1c1ccc(C(F)(F)F)cc1,6.75,6.489777
CC(C)(C)c1ccc(C(=O)Nc2nc3ccccc3s2)cc1,5.38,4.930323
Cc1cc(CNC(C)(C)C)c(C)n1Nc1ccnc2cc(Cl)ccc12,7.31,6.7086654
Cc1ccc2[nH]c(NC3CCN(CCc4ccc(-c5noc(C(F)(F)F)n5)cc4)CC3)nc2n1,5.34,7.1890473
COc1cccc(NC(=O)[C@H](C(C)C)n2c(=O)[nH]c3ccccc3c2=O)c1,6.62,5.646712
C[C@]12CC[C@@H]3[C@H]1C=C1C(=O)c4cc(O)ccc4C(=O)[C@@]1(O2)[C@]3(C)C=O,6.12,5.7574873
CC(C)(C)c1ccc(-c2nnc(C3CC(Br)=NO3)o2)cc1,4.98,7.4385967
FC(F)(F)c1ccc(-c2cccc(CNCC3CCNCC3)n2)cc1,5.4,5.950736
Clc1ccc(-c2ccc(CNCC3CCNCC3)s2)c(Br)c1,6.08,6.198307
COc1ccc2nccc(NC(c3ccc(Cl)cc3)c3ccc(CN4CCOCC4)cc3)c2c1,7.19,7.3217344
Cc1cc(CNC[C@@H]2CCCN3CCCC[C@H]23)c(C)n1Nc1ccnc2cc(Cl)ccc12,7.15,7.016189
O=C(CCCCCCCC(=O)NO)NO,5.41,6.9951906
COc1ccc2nc3cc(Cl)ccc3c(NC(c3ccc(Cl)cc3)(c3ccc(Cl)cc3)c3ccc(CN4CCCC4)cc3)c2c1,6.84,6.745185
FC(F)(F)c1ccc2c(NC(c3ccc(Cl)cc3)c3ccc(CN4CCCC4)cc3)ccnc2c1,7.21,7.36008
CCN(CC)CCCC(C)Nc1ccnc2cc(Cl)ccc12,7.7,7.2511306
CCN(CC)Cc1cc(C)n(Nc2ccnc3cc(Cl)ccc23)c1C,7.16,6.686145
Clc1ccc2c(Nc3ccc(CNC[C@@H]4CCCN5CCCC[C@H]45)c(Cl)c3)ccnc2c1,7.63,7.4672036
Oc1cc(Nc2ccnc3cc(Cl)ccc23)ccc1CNC[C@@H]1CCCN2CCCC[C@H]12,8.07,7.62728
COc1ccc2nccc(NC(c3ccc(CN4CCOCC4)cc3)c3cccc(Cl)c3)c2c1,7.07,7.147659
CN(C)c1ccc2nc3ccc(N(C)C)cc3[s+]c2c1,7.52,4.6113873
O=C(CCCCCONC(=O)c1ccc(F)cc1)NO,5.7,6.449454
COc1ccc(C[C@H](N)C(=O)N[C@H]2[C@@H](O)[C@H](n3cnc4c(N(C)C)ncnc43)O[C@@H]2CO)cc1,6.71,7.280346
Oc1c(CN2CCN(c3ccccc3F)CC2)cc(Br)c2cccnc12,5.72,5.8338737
COc1ccccc1NC1=C(N2CCCCC2)C(=O)c2ccccc2C1=O,6.63,4.669818
O=C(Nc1ccccc1)c1ccc(-c2cc3ccncc3cc2OC2CCNCC2)s1,5.64,6.035339
O=C(NC1CCN(Cc2ccccc2)CC1)c1cc(C(=O)NC2CCN(Cc3ccccc3)CC2)cc(C(=O)NC2CCN(Cc3ccccc3)CC2)c1,6.54,5.586455
COc1ccc(C2N(C)c3ccccc3N2C)cc1,5.96,4.863371
COc1ccc(C2Sc3ccccc3N=C3C2=C(O)c2ccccc23)cc1,6.14,5.63393
CC(O)(c1ccc(Cl)cc1)C(CN1CCCCC1)c1ccccc1,6.5,5.5541964
Cn1cc(CNCC2CCN(c3ncc(C(=O)NO)cn3)CC2)c2ccccc21,8.66,6.352221
Oc1c(CN2CCN(c3ccccc3F)CC2)cc(Br)c2cccnc12,5.87,5.8338737
OC(CNCc1ccccc1)Cn1c2ccccc2c2ccccc21,5.96,5.3959455
O=C(Nc1ccc(Br)cc1)Nc1cccc(Cl)c1,5.45,5.022839
CCOc1cc2c(cc1OCC)C(c1cc(Cl)ccc1O)NCC2,5.77,5.475071
CCOc1cc2c(cc1OCC)C(c1cc(Cl)c(O)c(OCC)c1)NCC2,5.79,5.14944
NC(=O)CCCCn1ccc(/N=C(\N)NCC(F)(F)F)n1,4.74,5.4562025
O=c1nc(C=Cc2ccc(Br)cc2)oc2ccccc12,5.23,5.137266
CCN(CC)Cc1cc(F)cc(Nc2nc3ccccc3n2Cc2ccc(C(F)(F)F)cc2)c1O,7.01,6.897805
CC(C)=CCCC1(C)C=Cc2c(cc(O)c3c(=O)c4cccc(O)c4oc23)O1,4.28,5.077618
CC(C)=CCC/C(C)=C/Cc1c(O)cc(O)c2c(=O)c3cccc(O)c3oc12,4.23,5.2827353
NC1=NC(c2ccc(F)cc2)NC(NCCc2ccc(Cl)c(Cl)c2)=N1,5.08,5.860046
NC1=NC(c2ccccc2)NC(NCCCOc2ccc(Cl)cc2)=N1,5.15,5.639408
NC1=NC(C2CCCCC2)NC(NCCCOc2ccc(Cl)cc2)=N1,5.34,5.7520094
O=C(c1ccc(CCN2CCC(Nc3nc4ccccc4n3Cc3ccc(F)cc3)CC2)cc1)N1CCNCC1,6.22,6.167874
COc1ccc(C(=O)NC(c2ccc(Cl)cc2Cl)c2cc(Cl)c3cccnc3c2O)cc1,5.42,5.986951
COc1cc(C(=O)ON=C(N)Cc2cccc3ccccc23)cc(OC)c1OC,5.39,5.509764
OC(CNC1CCCCC1)Cn1c2ccc(I)cc2c2cc(I)ccc21,6.12,7.4519873
Cc1ccc2cc3c(N)c4c(C)ccc(C)c4nc3nc2c1,5.57,5.5767164
Clc1cccc(C(Nc2ccnc3cc(Cl)ccc23)c2ccc(CN3CCOCC3)cc2)c1,6.85,7.009798
Cc1cc(CN2CCCC2)c(C)n1Nc1ccnc2cc(Cl)ccc12,7.09,6.5976615
OC[C@H](Oc1ccccc1)[C@@H](NCc1ccccc1)c1ccccc1F,4.6,5.2711706
OC[C@H]1O[C@@H](n2cnc3c(Nc4ccccc4)nc(NCCC4CNc5ccccc54)nc32)[C@H](O)[C@@H]1O,5.26,5.678362
N/C(CC(O)c1cc2c(F)cc(F)cc2c2cc(C(F)(F)F)ccc12)=N\N=C\c1ccc(F)cc1,7.18,6.565783
CCN(CC)c1ccc2cc(C3=NN(C(=O)c4ccccc4)C(c4ccc(O)cc4)C3)c(=O)oc2c1,4.57,6.266781
COC1C(Br)=CO[C@@]2(C=C1Br)ON=C(C(=O)NCCCOc1c(Br)cc(CC[N+](C)(C)C)cc1Br)[C@@H]2O,6.39,5.578542
COC1C(Br)=CO[C@@]2(C=C1Br)ON=C(C(=O)NCCCOc1c(Br)cc(CCN(C)C(N)=O)cc1Br)[C@@H]2O,5.28,5.405075
CN(CCc1ccccc1)c1cc(Br)cc(Br)c1O,7.44,5.9921246
Oc1c(Cl)cccc1N1CCCCCCC1,6.74,4.8743267
Clc1cccc(NC2CCN(CCc3ccccc3)CC2)c1,6.28,6.083423
N=C(NC1CCCCCCC1)c1ccc(N2CCN(c3ccc(C(=N)NC4CCCCCCC4)cc3)CC2)cc1,7.26,8.69182
CCCCNC(=N)c1ccc(N2CCCN(c3ccc(C(=N)NCCCC)cc3)CC2)cc1,7.74,7.1945252
COc1ccc2nccc(NC(c3ccc(Cl)cc3)c3ccc(CN4CCCC4)cc3)c2c1,7.24,7.408164
Clc1ccc(C(Nc2ccnc3cc(Cl)ccc23)c2ccc(CN3CCCC3)cc2)cc1,7.34,7.573718
Clc1ccc(C(Nc2ccnc3cc(Cl)ccc23)c2ccc(CN3CCOCC3)cc2)cc1,7.08,7.3686013
FC(F)(F)c1ccc2c(NC(c3ccc(CN4CCOCC4)cc3)c3cccc(Cl)c3)ccnc2c1,6.52,6.8895884
Clc1ccc(C(Nc2ccnc3cc(Cl)ccc23)(c2ccc(Cl)cc2)c2ccc(CN3CCCC3)cc2)cc1,7.25,7.430684
COc1ccc(C[C@H](N)C(=O)N[C@H]2[C@@H](O)[C@H](n3cnc4c(N(C)C)ncnc43)O[C@@H]2CO)cc1,6.76,7.280346
OC[C@H]1O[C@@H](n2cnc3c(Nc4ccccc4)nc(NC4CCCC4)nc32)[C@H](O)[C@@H]1O,5.22,5.320472
C=CC(=O)Nc1ccccc1[C@@H](CCc1ccc(OC)c(OC)c1)OC(=O)[C@@H]1CCCCN1C(=O)C(C)(C)CC,5.72,5.111703
OC[C@H]1O[C@@H](n2cnc3c(NC4CCCC4)nc(NC4CCCCC4)nc32)[C@H](O)[C@@H]1O,5.04,5.6917524
Oc1cc(Nc2ccnc3cc(Cl)ccc23)ccc1CNCCC12CCCN1CCC2,7.04,7.366775
OC[C@H]1O[C@@H](n2cnc3c(Nc4ccccc4)nc(NCCOCc4ccccc4)nc32)[C@H](O)[C@@H]1O,5.13,5.4683757
O=[N+]([O-])c1ccc(-n2nc(-c3ccc(Oc4ccccc4)cc3)cc2N2CCOCC2)cc1,5.43,5.3977714
OC[C@H]1O[C@@H](n2cnc3c(NC4CCCCC4)nc(NC4CCCCC4)nc32)[C@H](O)[C@@H]1O,5.02,5.7818336
COc1ccc2nccc(NC(c3ccc(CN4CCCC4)cc3)c3cccc(Cl)c3)c2c1,7.4,7.2699986
COc1c2c(cc3c1c(=O)c1cccc(OC)c1n3C)OCO2,4.63,4.579737
COc1ccc2nc3cc(Cl)ccc3c(Nc3cc(CN4CCCC4)c(O)c(CN4CCCC4)c3)c2n1,7.7,8.097772
CN(C)Cc1ccc(Nc2c3ccccc3nc3ccccc23)cc1,6.22,6.0329046
C[C@H]1Cc2c([nH]c3ccccc23)[C@@]2(N1)C(=O)Nc1ccc(Cl)cc12,7.16,7.3393855
C[C@H]1Cc2c([nH]c3ccccc23)[C@@]2(N1)C(=O)Nc1ccc(Cl)cc12,7.09,7.3399944
O=C(CCCCCCC(=O)NO)NO,5.65,6.858547
C/C=C(\C=C(C)\C=C\C=C\C=C(/C)C(=O)[C@H]1C(=O)N[C@]2(O)CCO[C@H]12)C(=O)OC,6.82,6.6263447
Brc1cccc(NC2CCN(CCc3ccccc3)CC2)c1,6.31,6.448189
COc1cccc(N(C(C)=O)C2=C(N(C)C)C(=O)c3ccccc3C2=O)c1,8.28,7.370427
CC(=O)N(C1=C(N(C)C)C(=O)c2ccccc2C1=O)c1cccc(F)c1,7.96,7.22861
CC(=O)N(C1=C(N2CCCCC2)C(=O)c2ccccc2C1=O)c1cccc(Cl)c1,5.37,5.8195705
CCN(CC)CCCC(C)Nc1ccnc2cc(Cl)ccc12,7.52,7.2511306
CC(C)CN(C)c1nc(N)c(C(=O)N=C(N)N)nc1Cl,6.26,5.0131006
CCN(CC)CCCC(c1ccc(F)cc1)c1ccc(F)cc1,5.24,5.7593136
Cc1ccc(CS(=O)(=O)N2CCN(CCCC(c3ccc(F)cc3)c3ccc(F)cc3)CC2)cc1,6.1,5.3636866
CN(C)c1ccc2nc3ccc(N(C)C)cc3[s+]c2c1,6.85,4.6113873
C[C@H]1[C@H](OC(=O)CCC(=O)O)O[C@@H]2O[C@@]3(C)CC[C@H]4[C@H](C)CC[C@@H]1[C@@]24OO3,8.52,8.426446
CN(C)c1ccc(C(=O)N(CC(=O)NC(C)(C)C)Cc2ccc(C(=O)NO)cc2)cc1,5.11,8.090467
CN(C)c1ccc(C(=O)N(CC(=O)NC2CCCCC2)Cc2ccc(C(=O)NO)cc2)cc1,5.61,8.130639
Cc1ccc(C(=O)N(CC(=O)NC2CCCCC2)Cc2ccc(C(=O)NO)cc2)cc1C,4.88,7.576153
CC1=C2C=C3C(=O)c4ccc(O)cc4C(=O)C3(O)C(C)=C2CC1,4.82,5.1603956
Cc1c(O)c([C@@H](CC(C)C)C2=C(O)C(C)(C)C(=O)C(C)(C)C2=O)c(O)c2c1O[C@H](c1ccccc1)CC2=O,5.49,5.458637
Cc1c2c(c(O)c3c1OC1=C(C(=O)C(C)(C)C(=O)C1(C)C)C3CC(C)C)C(=O)C[C@@H](c1ccccc1)O2,4.92,5.3758597
CC1(C)N=C(N)N=C(NCCCCOc2ccc(Cl)cc2)N1,5.14,5.581586
O=c1[nH]c2cnc3ccc(-c4cnc5ccccc5c4)cc3c2n1-c1cccc(C(F)(F)F)c1,5.63,5.088574
Nc1cccc(-c2ccc3ncc4[nH]c(=O)n(-c5cccc(C(F)(F)F)c5)c4c3c2)c1,6.2,6.558175
Cn1c(=O)n(-c2ccc(C(F)(F)F)cc2)c2c3cc(-c4ccc(N)nc4)ccc3ncc21,6.63,7.18783
Cn1c(=O)n(C2CCCCC2)c2c3cc(-c4ccc(N)nc4)ccc3ncc21,5.73,6.149158
CN(C)c1ccc(C2N=C(N)N=C(NCCCOc3ccc(Cl)cc3)N2)cc1,4.35,5.842395
N#Cc1c(C(F)(F)F)cc(NCc2ccc(F)cc2)n2c1nc1cc(Cl)cc(Cl)c12,6.13,5.9476924
c1ccc(Oc2ccc(-c3cc(N4CCOCC4)on3)cc2)cc1,4.98,5.0033617
Cc1ccc([C@@H]2[C@H](OCc3ccccc3)COCN2CC(C)C)cc1,4.52,5.6753187
Brc1ccccc1[C@@H]1[C@H](OCc2ccccc2)COCN1Cc1ccccc1,4.85,5.8935223
OC[C@H]1O[C@@H](n2cnc3c(NCCC(c4ccccc4)c4ccccc4)nc(NCCC4CNc5ccccc54)nc32)[C@H](O)[C@@H]1O,5.74,6.0119057
O=C(NO)c1cnc(N2CCC3(CCN(Cc4c[nH]c5ccccc45)C3)CC2)nc1,8.37,6.211849
Cc1c(CNCC[C@@H]2CCCN3CCCC[C@H]23)cc(-c2ccccc2)n1Nc1ccnc2cc(Cl)ccc12,6.81,6.4594965
Cc1c(CN2CCCC2)cc(-c2ccccc2)n1Nc1ccnc2cc(Cl)ccc12,7.37,6.8530693
Cc1cc(CNCC23CCCN2CCC3)c(C)n1Nc1ccnc2cc(Cl)ccc12,6.65,6.5510235
CCNC(=O)C(C)Nc1nc(-c2cccnc2)nc2sc(C)c(C)c12,6.21,5.411162
CCC(C)(C)C(=O)N1CCCC[C@H]1C(=O)O[C@H](CCc1ccc(OC)c(OC)c1)c1cccc(OCC(=O)O)c1,4.47,5.203001
O=C(Cc1ccc(O)c(Cl)c1)N1CC(CNc2ccc(F)cc2)C2(C1)CN(c1ccc(F)cc1)C2,6.89,5.5036774
O=C(Cc1ncc(O)cn1)N1CC(CNc2ccc(F)cc2)C2(C1)CN(c1cc(F)cc(F)c1)C2,6.07,5.7215767
CC1=C2C=C3C(=O)c4cc(O)ccc4C(=O)C3(O)C(C)=C2CC1,4.82,5.127528
Nc1ccc(C[C@@H](N)C(=O)N2CC(CNc3ccc(F)cc3)C3(C2)CN(c2cc(F)cc(F)c2)C3)cc1,7.2,5.033795
N=C(NCCCO)c1ccc(N2CCN(c3ccc(C(=N)NCCCO)cc3)CC2)cc1,5.06,5.6473207
CCCCCCCCCNC(=N)c1ccc(N2CCN(c3ccc(C(=N)NCCCCCCCCC)cc3)CC2)cc1,7.06,7.909088
N=C(NC1CCCCCC1)c1ccc(N2CCN(c3ccc(C(=N)NC4CCCCCC4)cc3)CC2)cc1,7.44,8.7161665
CNC(=N)c1ccc(N2CCN(c3ccc(C(=N)NC)cc3)CC2)cc1,6.06,5.100747
c1ccc(-c2cc(N3CCCCC3)c3ccccc3n2)nc1,6.29,5.396554
COc1cc(-c2cc(-c3ccc(S(C)(=O)=O)cc3)cnc2N)ccc1O,7.15,6.8238535
FC(F)(F)c1ccc(-c2ccc(CNCC3CCNCC3)o2)cc1,5.72,5.843308
Oc1ccc(CN2CC(CNc3ccccc3)C3(C2)CN(c2ccccc2)C3)cc1,6.3,6.966279
Cc1ccc([C@H](NCC(C)C)[C@H](CO)OCc2ccccc2)cc1,4.82,5.4324646
CCCN[C@@H](c1ccccc1)[C@H](CO)Oc1ccccc1,4.07,5.2656927
COc1cccc([C@@H]2[C@H](OC)COCN2C2CCCCC2)c1,4.37,4.8390245
CCCN1COC[C@@H](Oc2ccccc2)[C@H]1c1ccccc1,4.07,4.971712
Nc1ncc(-c2ccc(C(=O)O)cc2)nc1-c1ccc(C(F)(F)F)cc1,6.14,7.386861
CCNCCNc1cc(-c2cccc(F)c2)c(C#N)c2nc3ccccc3n12,5.44,6.67245
CCNCCNc1cc(-c2ccc(C#N)cc2)c(C#N)c2nc3ccccc3n12,5.58,6.76877
NCCNC(=S)Nc1ccnc2cc(Cl)ccc12,5.48,6.6137147
COc1ccc2nccc(NC(c3ccc(CN4CCCC4)cc3)c3cccc(Cl)c3)c2c1,7.26,7.2706075
CCNCCNc1cc(-c2cccc(C(F)(F)F)c2)c(C#N)c2nc3ccccc3n12,6.31,6.9534974
CCNCCNc1cc(C2CCCC2)c(C#N)c2nc3ccccc3n12,6.17,6.3825016
CN(C)c1ccc2nc3ccc(N(C)C)cc3[s+]c2c1,6.85,4.6113873
CCN(CC)c1ccc2cc(C3=NNC(c4ccc(Cl)cc4)C3)c(=O)oc2c1,4.73,6.2482166
C[C@]12CC[C@@H]3[C@H]1C=C1C(=O)c4cc(O)ccc4C(=O)[C@@]1(O2)[C@]3(C)C=O,5.81,5.7574873
OC[C@H]1O[C@@H](n2cnc3c(NCc4cccc5ccccc45)nc(NCCC(c4ccccc4)c4ccccc4)nc32)[C@H](O)[C@@H]1O,5.75,5.950127
Cc1nc2c(ccc3cccnc32)c2[nH]ccc12,4.97,5.5602827
NC1=NC(c2ccccc2)NC(NCCCSc2ccc(Cl)cc2)=N1,5.89,5.929433
Cn1cc(CNCC2CCN(c3ncc(C(=O)NO)cn3)CC2)c2ccccc21,7.91,6.3521447
CCC(=O)Nc1cccc([C@@H](CCc2ccc(OC)c(OC)c2)OC(=O)[C@@H]2CCCCN2C(=O)C(C)(C)CC)c1,5.72,5.2687364
COc1cc2c(c(O)c1OC)c(=O)c1ccccc1n2C,5.41,5.295517
COc1ccc2c(OC)c3ccoc3nc2c1OC,4.32,4.308276
Clc1ccc(C(Nc2ccnc3cc(Cl)ccc23)(c2ccccc2)c2ccc(CN3CCCC3)cc2)cc1,7.4,7.7678795
Brc1ccc2cc(CNCC3CCNCC3)sc2c1,5.85,5.9762993
Oc1ccccc1-c1ccc(CNCC2CCNCC2)o1,5.08,5.6223655
CN(C)c1ccc(C(=O)N(CC(=O)NC2CCCCC2)Cc2ccc(C(=O)NO)cc2)cc1,5.74,8.130639
CC(C)c1ccc(C(=O)N(CC(=O)NC2CCCCC2)Cc2ccc(C(=O)NO)cc2)cc1,5.11,8.639476
N#Cc1c(-c2ccc(C(F)(F)F)cc2)cc(NCCn2ccnc2)n2c1nc1ccccc12,5.99,6.544404
c1cc(N2CCCN(c3ccc(C4=NCCCN4)cc3)CC2)ccc1C1=NCCCN1,5.29,5.29856
OC[C@H]1O[C@@H](n2cnc3c(NC4CCCCCC4)nc(NC4CCCC4)nc32)[C@H](O)[C@@H]1O,5.05,5.716099
CCN(CC)Cc1cc(/C=N/N=C(\N)CC(O)c2cc3c(F)cc(F)cc3c3cc(C(F)(F)F)ccc23)ccc1O,6.66,6.6686463
O=C(CCCCCCC(=O)NO)NO,5.82,6.858547
O=C(Cc1ccc(O)cc1)N1CC(CNc2ccccc2)C2(C1)CN(c1ccc(F)cc1)C2,6.99,6.377594
O=C(N1CC(CNc2ccc(F)cc2)C2(C1)CN(c1cc(F)cc(F)c1)C2)C(F)(F)c1ccc(O)cc1,5.6,5.540806
Clc1cccc2c1-c1ccccc1[I+]2.O=S(=O)([O-])C(F)(F)F,7.3,6.2343698
Cc1ccc2c(c1)[I+]c1ccccc1-2.O=S(=O)([O-])C(F)(F)F,6.64,6.1245074
FC(F)(F)c1cccc2c1-c1ccccc1[I+]2.O=S(=O)([O-])C(F)(F)F,6.89,5.887131
Cc1ccc(Cl)c2c1[I+]c1ccccc1-2.O=S(=O)([O-])C(F)(F)F,6.96,5.917564
CCCCCNC(=N)c1ccc(N2CCN(c3ccc(C(=N)NCCCCC)cc3)CC2)cc1,6.68,8.694255
O=C(NO)c1cnc(N2CCC3(CCN(Cc4c[nH]c5ccccc45)C3)CC2)nc1,7.49,6.211393
COc1cc(CCN(C)CCCN(C)C(=O)[C@H](CCN(C)CCc2cc(OC)c(Br)cc2Br)N(C)C)c(Br)cc1Br,6.21,5.4367256
O=C(Cc1ccc(O)c(C(F)(F)F)c1)N1CC(CNc2ccc(F)cc2)C2(C1)CN(c1cc(F)cc(F)c1)C2,7.36,5.8521333
CS(=O)(=O)c1ccc(-c2cnc(N)c(-c3ccc(C(F)(F)F)nc3)c2)cc1,7.55,7.5396338
O=C(Cc1ccc(O)cc1)N1CC(CNc2ccccc2)C2(C1)CN(c1ccccc1)C2,6.21,6.955323
CN(C)CCCNC(=S)Nc1ccnc2cc(Cl)ccc12,5.92,6.695275
Nc1nccc(-c2c[nH]c3cccc(O)c23)n1,4.92,4.91815
Clc1ccc(C(Nc2ccnc3cc(Cl)ccc23)(c2ccccc2)c2ccc(CN3CCCC3)cc2)cc1,7.29,7.7666626
FC(F)(F)c1ccc2c(NC(c3ccc(Cl)cc3)c3ccc(CN4CCCC4)cc3)ccnc2c1,7.05,7.36008
N/C(CC(O)c1cc2c(Cl)cc(Cl)cc2c2cc(C(F)(F)F)ccc12)=N\N=C\c1ccc(F)cc1,7.51,6.4444075
COc1cccc2c1-c1ccccc1[I+]2.O=S(=O)([O-])C(F)(F)F,6.77,6.0289483
Fc1cccc2c1-c1ccccc1[I+]2.O=S(=O)([O-])C(F)(F)F,7.3,6.4466386
OC[C@H]1O[C@@H](n2cnc3c(NCCC(c4ccccc4)c4ccccc4)nc(NCCc4cnc[nH]4)nc32)[C@H](O)[C@@H]1O,5.09,5.739836
OC[C@H]1O[C@@H](n2cnc3c(NCCC(c4ccccc4)c4ccccc4)nc(NCCOCc4ccccc4)nc32)[C@H](O)[C@@H]1O,5.51,5.793398
OC[C@H](OCc1ccccc1)[C@H](Nc1ccccc1)c1ccc(Cl)cc1,5.2,5.0751834
Fc1ccccc1[C@@H]1[C@H](Oc2ccccc2)COCN1Cc1ccccc1,4.77,5.203001
COc1ccc2nccc(NC(c3ccc(CN4CCOCC4)cc3)c3cccc(Cl)c3)c2c1,6.9,7.147659
COc1ccc2nc3cc(Cl)ccc3c(NC(c3ccc(Cl)cc3)c3ccc(CN4CCCC4)cc3)c2c1,7.23,7.8263106
COc1ccc2nccc(NC(c3ccc(Cl)cc3)c3ccc(CN4CCCC4)cc3)c2c1,7.09,7.408164
FC(F)(F)c1ccc2c(NC(c3ccc(CN4CCOCC4)cc3)c3cccc(Cl)c3)ccnc2c1,6.63,6.8901973
COc1ccc2c(c1)-c1ccccc1[I+]2.O=S(=O)([O-])C(F)(F)F,7.0,6.446211
O=S(=O)([O-])C(F)(F)F.c1ccc2c(c1)[I+]c1c-2ccc2ccccc12,6.92,6.352373
FC(F)(F)Oc1cccc2c1-c1ccccc1[I+]2.O=S(=O)([O-])C(F)(F)F,6.89,5.966865
Cc1cccc2c1-c1cccc(Cl)c1[I+]2.O=S(=O)([O-])C(F)(F)F,6.96,6.099248
N#Cc1ccc2c(c1)-c1ccccc1[I+]2.O=S(=O)([O-])C(F)(F)F,7.05,6.1394196
FC(F)(F)c1cccc2c1-c1ccccc1[I+]2.O=S(=O)([O-])C(F)(F)F,6.85,5.887131
CCCOCc1cc(CN2CCN(c3cccc(Cl)c3)CC2)c(O)c2ncccc12,6.02,5.8892612
CCCOCc1cc(CN2CCN(c3cccc(Cl)c3)CC2)c(O)c2ncccc12,5.42,5.889566
CN1CCN(c2ccc(Nc3c4ccccc4nc4ccccc34)cc2)CC1,6.14,6.2147408
CC1CCCCN1CCCNC(=O)c1ccc2c(c1)sc1nc(-c3ccc(F)cc3)cn12,6.25,5.6461034
Nc1ncc(-c2ccc(C(=O)N3CC(O)C3)cc2)nc1-c1ccc(C(F)(F)F)cc1,7.35,8.050297
Cc1cc(N2CCN(C3CCCC3)CC2)n2c(nc3ccccc32)c1C#N,6.04,5.377077
CCCCc1c(C)nc2c(OC)cccc2c1O,5.85,5.9775167
CCOc1ccc2nc(C)cc(Nc3ccc(N(C)C)cc3)c2c1,6.0,5.701491
COc1nc(Nc2ccc(C(C)C)cc2)nc(OC)n1,6.44,5.3162117
CCCCOc1ccc(C(=O)Nc2cc(C)on2)cc1,6.11,5.9075212
Cc1ccc(Nc2nc(-c3ccccn3)cs2)cc1,6.32,6.259629
COc1ccc2nc(C)cc(Nc3cccc(O)c3)c2c1,6.03,5.554805
O=C(CCc1ccccc1)c1ccccc1OCC(O)CN1CCCCC1,5.96,6.0265136
COc1cc(OC)cc(C(=O)Nc2ccc(-c3nc4ccccc4[nH]3)cc2)c1,6.28,5.6747103
CCOC(=O)c1cn(CC)c2cc(N(C)CCc3ccc(OC)c(OC)c3)c(F)cc2c1=O,7.35,6.002776
CN(C)c1ccc(C(O)(c2ccc(N(C)C)cc2)c2ccc(N(C)C)cc2)cc1,6.01,5.6034975
CN(C)c1ccc(C(=O)N(CC(=O)NC2CCCCC2)Cc2ccc(C(=O)NO)cc2)cc1,5.63,8.130639
Nc1ccc(-n2nc(-c3ccc(Oc4ccccc4)cc3)cc2N2CCOCC2)cc1,5.19,5.7179246
OC[C@H]1O[C@@H](n2cnc3c(NC45CC6CC(CC(C6)C4)C5)nc(N4CCCC4)nc32)[C@H](O)[C@@H]1O,5.21,5.313168
OC[C@H]1O[C@@H](n2cnc3c(NCCC(c4ccccc4)c4ccccc4)nc(NCc4cccc5ccccc45)nc32)[C@H](O)[C@@H]1O,5.81,6.002167
OC[C@H]1O[C@@H](n2cnc3c(NCCC4CNc5ccccc54)nc(NCCC4CNc5ccccc54)nc32)[C@H](O)[C@@H]1O,5.61,6.0456862
COc1cc(NC(C)CCCNC2CCC3(CC2)OO[C@@]2(C)CCC(C(C)C)=C[C@H]2O3)c2ncccc2c1.O=C(O)CC(O)(CC(=O)O)C(=O)O,7.24,6.9617143
C[C@H]1[C@H](OC(=O)CCC(=O)O)O[C@@H]2O[C@@]3(C)CC[C@H]4[C@H](C)CC[C@@H]1[C@@]24OO3,7.14,8.426446
COc1cc(CCN(C)CCCN(C)C)c(Br)cc1Br,5.77,5.5736732
O=C1c2c(O)cc(O)cc2O[C@@H](c2ccc(O)cc2)[C@@H]1c1c(O)cc(O)c2c(=O)cc(-c3ccc(O)cc3)oc12,4.32,4.8037224
CC(C)N1COC[C@@H](OCc2ccccc2)[C@H]1c1ccccc1,4.18,5.341775
CN1C2=CC(O)=c3ccccc3=NC2c2ccccc21,6.1,5.773921
COc1cc2cccnc2c2nc(C)c3cc[nH]c3c12,5.01,6.002167
CN(C)c1ccc2nc3ccc(N(C)C)cc3[s+]c2c1,7.02,4.6113873
CC[n+]1c2c(n(CC(C)C)c1C)C(=O)c1ccccc1C2=O,5.99,8.957194
CCOC(=O)c1cnc2ccc(OC)cc2c1Nc1ccc(N2CCN(C)CC2)cc1,6.11,6.4723735
Cc1ccnc(NC(c2cccc(OCc3ccccc3)c2)c2ccc3cccnc3c2O)c1,6.02,5.1847415
OCCNc1nc(Nc2ccc(Cl)c(Cl)c2)nc2ccccc12,6.38,6.1840034
C[n+]1c(/C=C/c2c[nH]c3ccccc23)cc(N)c2ccccc21,6.52,6.3409605
OC1=C2C(=Nc3ccccc3SC2c2ccc(Br)cc2)c2ccccc21,5.47,5.554805
Cc1ccc(NC(=O)CN(Cc2ccc(C(=O)NO)cc2)C(=O)c2cc(C)cc(C)c2)cc1,5.14,7.573718
CN(C)c1ccc2nc3ccc(N(C)C)cc3[s+]c2c1,6.32,4.61017
CN(C)c1ccc(C(=O)N(CC(=O)NC(C)(C)C)Cc2ccc(C(=O)NO)cc2)cc1,5.36,8.090467
O=C(CN(Cc1ccc(C(=O)NO)cc1)C(=O)c1cccc2ccccc12)NC1CCCCC1,5.35,7.528678
Cc1ccc(NC(=O)CN(Cc2ccc(C(=O)NO)cc2)C(=O)c2cc(C)cc(C)c2)cc1,5.12,7.5731096
N#Cc1c(C(F)(F)F)cc(NCc2ccco2)n2c1nc1cc(Cl)c(Cl)cc12,5.7,5.601671
N#Cc1c(C(F)(F)F)cc(Nc2ccc(OC(F)(F)F)cc2)n2c1nc1ccccc12,5.48,5.7471404
N#Cc1c(C(F)(F)F)cc(NCc2cccc(F)c2)n2c1nc1cc(Cl)c(Cl)cc12,6.57,5.7355757
Clc1ccc(-c2ccc(CNCC3CCNCC3)o2)c(-c2ccccc2)c1,6.68,5.9196944
O=C(O)c1ccccc1SCc1cn(C/C=C/c2ccccc2)nn1,4.18,5.0983124
Cn1cc(-c2cccc(F)c2)c2c(N)ncnc21,4.51,5.6917524
CCN(CC)Cc1cc(/C=N/N=C(\N)CC(O)c2cc3c(Cl)cc(Cl)cc3c3cc(C(F)(F)F)ccc23)ccc1O,6.34,6.4800005
C[C@H]1Cc2c([nH]c3ccccc23)[C@@]2(N1)C(=O)Nc1ccc(Cl)cc12,7.2,7.3399944
Nc1ncc(-c2ccc(C(=O)N3CC[C@@H](O)C3)cc2)nc1-c1ccc(C(F)(F)F)cc1,6.86,7.7970953
CCN(CC)CCCC(C)Nc1ccnc2cc(Cl)ccc12,7.7,7.2505217
Cc1ccc(NC(=O)CN(Cc2ccc(C(=O)NO)cc2)C(=O)c2ccccc2)cc1,5.03,7.4866805
COc1ccc([C@@H]2CC(=O)c3c(O)cc(O)c([C@@H]4C(O)c5c(O)cc(O)cc5O[C@H]4c4ccc(O)cc4)c3O2)cc1,5.22,4.7964187
Clc1ccc(-c2ccc(CNCC3CCNCC3)o2)c(-c2ccccc2)c1,7.37,5.9196944
NC1=NC2(CCCCC2)NC(NCc2ccccc2)=N1,5.0,5.6527987
NC1=NC(c2ccccc2)NC(NCCCOc2ccc(Cl)c(Cl)c2)=N1,5.17,5.7215767
NC1=NC(c2ccc(C(F)(F)F)cc2)NC(NCCCOc2ccc(Cl)cc2)=N1,5.26,5.7203593
Oc1ccc(CN2CC(CNc3ccccc3)C3(C2)CN(c2ccccc2)C3)cc1,6.39,6.9674964
O=C(Cc1ccc(O)cc1)N1CC(CNc2ccccc2)C2(C1)CN(c1ccccc1)C2,7.36,6.9538016
N#Cc1cc(CC(=O)N2CC(CNc3ccc(F)cc3)C3(C2)CN(c2cc(F)cc(F)c2)C3)ccc1O,5.51,5.9467797
O=C(Cc1ccc(O)cc1)N1CC(CNc2ccccc2)C2(C1)CN(c1cc(F)cc(F)c1)C2,7.52,6.6376047
Oc1ccc(CN2CC(CNc3ccccc3)C3(C2)CN(c2ccccc2)C3)cc1,7.21,6.9674964
CN(C)CCCNCc1ccc(-c2ccc(F)c(Cl)c2)o1,5.66,5.9291286
COc1cccc(C(=O)NC(c2ccc(C)cc2)c2cc(Cl)c3cccnc3c2O)c1,5.51,6.3740563
Cc1ccc(Cl)cc1N1CCN(CCCNC(=O)C2CCN(c3nc4ccccc4[nH]3)CC2)CC1,5.89,5.5992365
COc1ccc(C(=O)Nc2ccc3nc(N4CCCCC4)cc(C)c3c2)cc1OC,6.21,5.238912
CCn1c(CN2CCN(Cc3ccccc3)CC2)nc2cc(NC(=O)c3cccs3)ccc21,6.33,5.6083665
CNCCCNc1ccnc2cc(Cl)ccc12,6.36,7.5347643
Clc1ccccc1-c1ccc(CNCC2CCNCC2)o1,5.23,5.5268064
CC(C)N[C@@H](c1ccccc1)[C@H](CO)OCc1ccccc1,4.34,4.941279
c1cc(N2CCN(c3ccc(C4=NCCCN4)cc3)CC2)ccc1C1=NCCCN1,6.97,6.793421
Cc1ccc2c(c1C)NC(=O)C21NN=C(c2ccccc2)S1,6.05,5.9327803
CCCCCC[n+]1c2c(n(CC(C)C)c1C)C(=O)c1ccccc1C2=O,6.84,8.376536
Clc1ccc2c(c1)-c1ccccc1[I+]2.O=S(=O)([O-])C(F)(F)F,7.1,6.411584
N=C(NC1CCCCC1)c1ccc(N2CCN(c3ccc(C(=N)NC4CCCCC4)cc3)CC2)cc1,7.44,8.787989
CCNC(=N)c1ccc(N2CCN(c3ccc(C(=N)NCC)cc3)CC2)cc1,6.91,8.254805
O=C(CCCCCCCC(=O)NO)NO,5.26,6.994886
COc1ccc(C2c3ccc4ccccc4c3Oc3ncn(CCCN(C)C)c(=N)c32)cc1,6.16,6.0940742
CN(C)Cc1ccn2c(-c3ccnc(NCC4CC4)n3)c(-c3cccc(S(C)(=O)=O)c3)nc2c1,6.99,5.854264
CCc1nc(N)nc(N)c1-c1ccc(Cl)cc1,8.1,5.678362
Cc1c(O)c([C@H](CC(C)C)C2=C(O)C(C)(C)C(=O)C(C)(C)C2=O)c(O)c2c1O[C@H](c1ccccc1)CC2=O,5.49,5.494548
Cc1cc(C)c2c(c1)OCN(Cc1ccccc1Cl)C2,6.53,5.364904
O=C(Nc1ccc(CN2CCOCC2)cc1)c1ccc(-c2cc(Cl)ccc2Cl)o1,5.76,5.7678347
O=C(NC1CCN(Cc2ccccc2)CC1)c1cc2nc(-c3ccc(Cl)s3)cc(C(F)(F)F)n2n1,5.29,5.8353953
Cc1sc(NC(=O)c2ccco2)c(C(c2cccnc2)N2CCC(Cc3ccccc3)CC2)c1C,5.87,5.3983803
O=C(NCC(c1ccsc1)N1CCCCCC1)c1ccc(C(F)(F)F)cc1,6.33,5.7148814
OC[C@H]1O[C@@H](n2cnc3c(NC4CCCC4)nc(NC4CCCCCC4)nc32)[C@H](O)[C@@H]1O,5.17,5.716099
C[C@H]1[C@@H](O)O[C@@H]2O[C@@]3(C)CC[C@H]4[C@H](C)CC[C@@H]1[C@@]24OO3,9.37,8.795292
Cc1ccc(-c2ccc3ncc4[nH]c(=O)n(-c5cccc(C(F)(F)F)c5)c4c3c2)cn1,6.49,6.6280184
CC(=O)Nc1ccc(-c2ccc3ncc4c(c3c2)n(-c2cccc(C(F)(F)F)c2)c(=O)n4C)cn1,7.38,6.75964
O=c1[nH]c2cnc3ccc(-c4ccc(O)nc4)cc3c2n1-c1cccc(C(F)(F)F)c1,5.33,6.343395
Cc1c(O)c2c(c3c1OC1=C(C(=O)C(C)(C)C(=O)C1(C)C)[C@H]3CC(C)C)O[C@H](c1ccccc1)CC2=O,5.14,5.43916
COc1ccc2nc3cc(Cl)ccc3c(Nc3cc(CN4CCCC4)c(O)c(CN4CCCC4)c3)c2n1,7.74,8.097772
C/C=C/c1cc(OC)c(O[C@@H](C)[C@@H](O)c2cc(OC)c(OC)c(OC)c2)c(OC)c1,5.44,5.2656927
CC(C)CCNCC(O)Cn1c2ccccc2c2ccccc21,5.55,5.6862745
COc1ccc(C(=O)C(CCC(CNC(C)(C)C)C(=O)c2ccc(OC)cc2)CNC(C)(C)C)cc1,5.49,5.4738536
COc1cccc(NC(=O)[C@H](C(C)C)n2c(=O)[nH]c3ccccc3c2=O)c1,5.56,5.6461034
O=C(/C=C/c1ccc([N+](=O)[O-])cc1)NCCCCNc1ccnc2cc(Cl)ccc12,7.96,7.5560675
Cc1nc2c(ccc3cccnc32)c2occc12,5.26,6.1272464
N/C(CC(O)c1cccc2ccccc12)=N\N=C\c1ccc(F)cc1,6.11,6.267085
Clc1ccc(-c2ccc(CNCC3CCNCC3)o2)c(-c2ccccc2)c1,5.85,5.9199986
CCNCCNc1cc(-c2ccc(F)cc2)c(C#N)c2nc3ccccc3n12,5.75,6.583434
Nc1ncc(-c2ccc(C(=O)O)cc2)nc1-c1ccc(C(F)(F)F)cc1,6.19,7.386861
C[C@H]1[C@H](OC(=O)CCC(=O)O)O[C@@H]2O[C@@]3(C)CC[C@H]4[C@H](C)CC[C@@H]1[C@@]24OO3,7.2,8.426446
Cn1c(=O)n(-c2cccc(C(F)(F)F)c2)c2c3cc(-c4cccc(C#N)c4)ccc3ncc21,5.67,6.5966725
O=c1[nH]c2cnc3ccc(-c4ccc(Cl)cc4)cc3c2n1-c1cccc(C(F)(F)F)c1,5.45,5.704534
Cc1cn2c(-c3ccnc(NCC4CC4)n3)c(-c3ccc(F)c(NS(C)(=O)=O)c3)nc2cc1CN(C)C,8.68,5.751401
Nc1ncc(-c2ccc(C(=O)O)cc2)nc1-c1ccc(C(F)(F)F)nc1,6.07,7.755707
N#Cc1c(-c2ccc(C(F)(F)F)cc2)cc(NC2CCNCC2)n2c1nc1ccccc12,5.94,7.0517955
CCN(CC)Cc1cc(/C=N/N=C(\N)CC(O)c2cc3c(Cl)cc(Cl)cc3c3cc(C(F)(F)F)ccc23)ccc1O,6.46,6.4805713
CCCC[n+]1c2c(n(CC(C)C)c1C)C(=O)c1ccccc1C2=O,6.74,8.425229
O=C(O)c1ccccc1SCc1cn(Cc2ccc3ccccc3c2)nn1,4.69,5.2949085
Fc1cccc2c1-c1ccccc1[I+]2.O=S(=O)([O-])C(F)(F)F,7.1,6.4465365
N/C(CC(O)c1cc2c(Cl)cc(Cl)cc2c2cc(C(F)(F)F)ccc12)=N\N=C\c1ccc(F)cc1,7.44,6.4442625
CCN1CCN(C(=S)Nc2ccnc3cc(Cl)ccc23)CC1,5.74,6.825071
O=c1c(O)c(-c2ccc(O)c(O)c2)oc2c(CNCCc3ccc(Cl)cc3Cl)c(O)cc(O)c12,5.01,6.9045005
CC(C)C[C@@H]1C[C@@]2(CC[C@@]3(C)C[C@]2(C)C3(C)C)OC2=C1C(=O)C(C)(C)C(=O)C2(C)C,4.87,5.242564
C[C@H]1[C@H](N2CCS(=O)(=O)CC2)O[C@@H]2O[C@]3(C)CC[C@H]4[C@H](C)CC[C@@H]1[C@@]24OO3,7.37,8.903633
C[n+]1c(/C=C/c2c[nH]c3ccccc23)cc(N)c2ccccc21,5.4,6.3407326
CCN(CC)CCCC(C)Nc1ccnc2cc(Cl)ccc12,6.89,7.2505217
Nc1cc(/C=C/c2c[nH]c3ccccc23)nc2ccccc12,6.43,6.5540667
c1ccc2[nH]c(-c3ccc(N4CCN(c5ccc(-c6nc7ccccc7[nH]6)cc5)CC4)cc3)nc2c1,5.31,6.80742
C(=C1CCN(c2ccc(C3=NCCN3)cc2)CC1)c1ccc(C2=NCCN2)cc1,6.08,4.9984927
c1cc(C2=NCCN2)ccc1CC1CCN(c2ccc(C3=NCCN3)cc2)CC1,6.4,5.543849
CC1(C)N=C(N)N=C(NCc2ccccc2)N1,4.3,5.4616804
COc1ccc(-c2cnc3ccc(N4CCCC4)nn23)cc1OC,6.39,6.1701565
CCNCc1cc(C)cc(Nc2nc3cc(F)c(F)cc3n2Cc2ccc(C(F)(F)F)cc2)c1O,5.63,6.676863
N=C(NC1CC1)c1ccc(N2CCCN(c3ccc(C(=N)NC4CC4)cc3)CC2)cc1,6.51,7.5219827
CCN(CC)CCCNC(=S)Nc1ccnc2cc(Cl)ccc12,5.66,7.0009727
O=C(NCCCN1CCC(N2CCCCC2)CC1)C1=Cc2cc(Br)ccc2OC1,5.84,5.469593
CCCc1c(C)nc2ccc(Br)cc2c1O,5.05,6.767857
COc1ccc(OCCCNC2=NC(N)=NC(c3ccccc3)N2)cc1,4.91,5.782442
O=[N+]([O-])c1ccc(N2CCC(NCCC(O)c3ccc(F)cc3)CC2)c(C(F)(F)F)c1,5.77,6.0414257
CN(C)c1ccc(C(O)(c2ccc(N(C)C)cc2)c2ccc(N(C)C)cc2)cc1,6.35,5.6034975
N=C(N)c1ccc(OCc2cccc(COc3ccc(C(=N)N)cc3)c2)cc1,7.07,7.655278
Cc1[nH]c2ccccc2c1/C=C/c1cc(N)c2ccccc2[n+]1C,6.46,6.05299
C[C@H]1[C@H](OC(=O)CCC(=O)O)O[C@@H]2O[C@@]3(C)CC[C@H]4[C@H](C)CC[C@@H]1[C@@]24OO3,8.42,8.426446
O=C(/C=C/c1ccc(Cl)cc1)NCCCCNc1ccnc2cc(Cl)ccc12,7.96,7.6960583
CCN(CC)c1ccc2cc(C3=NN(c4ccccc4)C(c4ccc(Cl)cc4)C3)c(=O)oc2c1,4.98,5.72462
Cc1ccc2[nH]c(NC3CCN(CCc4ccc(-c5noc(C(F)(F)F)n5)cc4)CC3)nc2n1,5.79,7.1890473
C[C@H]1[C@H](N2CCN(C(=O)c3ccc(F)cc3)CC2)O[C@@H]2O[C@]3(C)CC[C@H]4[C@H](C)CC[C@@H]1[C@@]24OO3,9.22,8.701559
C[C@H]1[C@H](NS(=O)(=O)N2CCN(c3ccccn3)CC2)O[C@@H]2O[C@]3(C)CC[C@H]4[C@H](C)CC[C@@H]1[C@@]24OO3,10.4,7.7228394
CCOc1ccc(-c2nc(NC(=O)c3cccc(S(C)(=O)=O)c3)sc2C)cc1,5.84,5.696622
COc1ccc2c(c1OC)C(=O)N1c3ccccc3N=C(c3ccc(C)cc3)CC21,5.77,5.242564
CCCCc1ccc(NS(=O)(=O)c2cc3c4c(c2)CCN4C(=O)CC3)cc1,5.43,5.2821264
O=C(Nc1ccsc1C(=O)NC1CCCCC1)c1ccc(F)cc1,5.98,5.520111
CN(C)CCCNc1c2ccccc2nc2ccccc12,6.63,6.563044
N/C(CC(O)c1cc2ccccc2c2ccccc12)=N\N=C\c1ccccc1,6.74,6.2506514
CCn1c(CN2CCN(Cc3ccccc3)CC2)nc2cc(NC(=O)c3cccs3)ccc21,6.54,5.6083665
CN(C)CCCNc1c2ccccc2nc2ccccc12,5.97,6.563349
COc1ccc(C2c3ccc4ccccc4c3Oc3ncn(CCCN(C)C)c(=N)c32)cc1,6.33,6.0940742
Cc1cc(C)c2nc(N3CCC(C(=O)NCCCN4CCC(N5CCCCC5)CC4)CC3)sc2c1,5.71,5.610801
CC1CC2=C(CC1CNCCCN(C)C)C(C)(C)CCC2,6.24,5.7550526
O=C(NC(c1ccccc1)c1ccc2cccnc2c1O)c1ccccc1,5.58,5.3496876
COc1ccc(C2c3ccc4ccccc4c3Oc3ncn(CCCN(C)C)c(=N)c32)cc1,6.74,6.09377
COC1=C2[C@H]3NCC[C@]2(C[C@H](O)[C@@H]1O)c1c(ccc(OC)c1O)[C@H]3O,5.38,6.5180798
COc1cc([C@H](O)[C@@H](C)Oc2c(OC)cc(-c3ccccc3)cc2OC)cc(OC)c1OC,8.15,5.0435333
CCCCc1ccc(C(=O)NOCCCCCC(=O)NO)cc1,5.28,7.317474
CCN(CC)c1ccc2cc(C3=NNC(c4ccc([N+](=O)[O-])cc4)C3)c(=O)oc2c1,4.71,5.912086
CCN(CC)c1ccc2cc(C3=NN(c4ccccc4)C(c4ccc(F)cc4)C3)c(=O)oc2c1,4.57,5.5109816
CCN(CC)c1ccc2cc(C3=NN(c4ccccc4)C(c4ccc([N+](=O)[O-])cc4)C3)c(=O)oc2c1,4.68,5.419683
CCN(CC)c1ccc2cc(C3=NNC(c4ccc(Cl)cc4)C3)c(=O)oc2c1,4.57,6.2482166
Fc1ccc(C(CCCN2CCNCC2)c2ccc(F)cc2)cc1,5.35,5.314994
Oc1c(Br)cccc1N1CCCCCCC1,6.37,4.852415
Cc1cccc(C2=NN=C(c3ccc(Br)cc3)C2)c1O,5.33,5.440986
CC(=O)N(C1=C(N2CCOCC2)C(=O)c2ccccc2C1=O)c1ccccc1,6.11,5.587672
O=C(c1ccccc1F)N(Cc1ccc(Cl)cc1)c1ccccn1,5.92,5.0350122
COCCn1c(C)nc2ccccc2c1=O,6.03,5.193263
COc1ccc(-c2nc(NC(=O)CS(=O)(=O)c3ccc(F)cc3)sc2C)cc1,6.29,5.6777534
CCCCCCc1cc(O)c2c3c(c(=O)oc2c1)CCC(C)C3,6.25,5.967778
CCCc1c(C)nc2ccccc2c1O,6.2,6.237565
NC1=NC(c2ccccc2)NC(NCCCOc2ccccc2F)=N1,4.96,5.6899266
Cc1ccc2c(c1)-c1ccccc1[I+]2.O=S(=O)([O-])C(F)(F)F,7.1,6.219914
N#Cc1ccc2c(c1)[I+]c1ccccc1-2.O=S(=O)([O-])C(F)(F)F,7.3,6.2889204
Fc1ccc2c(c1)[I+]c1ccccc1-2.O=S(=O)([O-])C(F)(F)F,7.22,6.455293
O=S(=O)([O-])C(F)(F)F.c1ccc2c(c1)[I+]c1ccccc1-2,7.4,6.7979856
CC(C)(C)NCc1cc(Nc2ccnc3cc(Cl)ccc23)cc(-c2no[n+]([O-])c2C#N)c1,6.2,7.4745073
COc1ccc2nc3cc(Cl)ccc3c(NC(c3ccc(Cl)cc3)(c3ccc(Cl)cc3)c3ccc(CN4CCCC4)cc3)c2c1,6.83,6.7467065
CCCCCC(=O)N[C@@H](C(=O)N[C@@H](CCCC)C(=O)N[C@@H](CC(C)C)C(=O)[C@@]1(C)CO1)C(C)C,6.89,8.20246
COc1cccc(Cn2c(Oc3ccccc3)nc3c2c(=O)n(C)c(=O)n3C)c1,5.94,4.6381683
CCc1ccc(CNCC(O)c2ccccc2)cc1,5.73,5.5073295
O=c1c2c([nH]c3ccccc13)CCCC2,6.06,4.535914
Cc1cc(Nc2ccc(C)c(Cl)c2)n2nc(C(F)(F)F)nc2n1,5.91,7.458682
COc1ccc(CNC(=O)c2cc3c(=O)n4ccccc4nc3n(CCc3ccccc3)c2=N)cc1,5.91,4.8804135
O=C(Nc1cccc(-c2nc3ccccc3[nH]2)c1)c1cccc(NC(=O)c2ccco2)c1,6.3,5.750792
Cc1ccc(-c2cc(C(=O)Nc3ccc(S(=O)(=O)N4CCCCC4)cc3)[nH]n2)c(O)c1,5.63,6.2360435
CC(C)=CCN1CCC(C(=O)Nc2ccc(-c3nc4ccccc4[nH]3)cc2)CC1,5.91,5.6935782
CCOC(=O)C1=C(C)N=c2sc(=Cc3cc(Cl)ccc3O)c(=O)n2C1c1ccc(OC)cc1,6.28,5.632104
CN(C)c1ccc(C(=O)N(CC(=O)NC(C)(C)C)Cc2ccc(C(=O)NO)cc2)cc1,5.57,8.091685
CCN(CC)CCCCn1cc/c(=N\c2ccc(-c3ccccc3)cc2)c2ccc(Cl)cc21,7.17,6.7775955
NC1=NC2(CCCCC2)NC(NCCCOc2ccc(Cl)cc2)=N1,5.1,5.5742817
NC1=NC(c2ccccc2)NC(NCCCOc2ccccc2Cl)=N1,5.34,5.6473207
COc1ccc(C[C@H](N)C(=O)N[C@H]2[C@@H](O)[C@H](n3cnc4c(N(C)C)ncnc43)O[C@@H]2CO)cc1,7.17,7.2797375
C[C@@H]1CC[C@H]2[C@@H](C)C(=O)O[C@@H]3O[C@@]4(C)CC[C@@H]1[C@]32OO4,7.97,7.9772577
CC(=O)N(C1=C(N(C)C)C(=O)c2ccccc2C1=O)c1cccc(Cl)c1,7.85,7.086793
CCc1ccc(Nc2cc(C)c3ccc(O)cc3n2)cc1,6.5,6.099552
N#Cc1c(C(F)(F)F)cc(NCc2ccc(F)cc2)n2c1nc1cc(Cl)c(Cl)cc12,6.16,5.834482
Cc1ccc2cc3c(N)c4c(C)ccc(C)c4nc3nc2c1,5.84,5.5767164
COCCN(C(=O)Cc1cccs1)C(C(=O)NCc1ccc(OC)cc1)c1ccc(C(C)C)cc1,6.01,5.8825665
COc1cccc(C=Cc2nc(=O)c3ccccc3o2)c1OC,6.37,6.102596
CCCCCn1c(=N)n(CC(O)COc2cccc(C)c2)c2ccccc21,5.63,5.6935782
Cc1cc(NC(=O)C2c3ccccc3C(=O)N(CC(C)C)C2c2cccs2)no1,6.8,5.7538357
CCOC(=O)c1ccc2nc(-c3ccccc3)cc(O)c2c1,6.14,5.7891374
CCOc1c(Br)cc(C2C(C(=O)OC)=CN(C)C=C2C(=O)OC)cc1OC,6.1,6.228892
c1ccc(/C2=N/c3ccccc3/N=C(/c3ccccc3)c3ccccc32)cc1,6.2,5.2863874
Cc1cc(Nc2ccc(OCc3ccccc3)cc2)nc2cc(O)ccc12,6.53,6.079771
O=C(NCc1ccco1)C1CCN(S(=O)(=O)c2ccc(Br)cc2)CC1,6.05,5.6150618
COc1cc2c3cc1Oc1c(OC)c(OC)cc4c1C(Cc1ccc(O)c(c1)Oc1ccc(cc1)CC3N(C)CC2)N(C)CC4,6.16,6.2760625
CC(=O)NCCc1nc2ccccc2n1Cc1ccc(C(C)C)cc1,5.83,5.2328253
Cc1ccc(C)c(-c2csc(Nc3ccc(C)c(C)c3)n2)c1,5.98,5.249259
CCCCN(CCCC)S(=O)(=O)c1ccc(NC(=O)c2ccco2)cc1,5.94,5.178655
O=c1nc(C=Cc2ccc(Cl)cc2)oc2ccccc12,5.93,5.423335
CCOc1ccc(CCNC(=O)c2cccs2)cc1OCC,5.57,4.941279
COc1cccc(C(=O)Nc2ccc(-c3nc4ccccc4[nH]3)cc2)c1,6.08,5.3776855
Cc1cc(C)c2nc(N3CCC(C(=O)NCCCN4CCC(N5CCCCC5)CC4)CC3)sc2c1,5.89,5.6101923
COc1cc2cc(C(=O)Nc3ccccc3)c(N)nc2cc1OC,6.05,5.3673387
COc1ccc(Nc2cc(C)nc(NCc3ccccc3)n2)cc1,6.51,5.742271
CCN1CCN(c2c(C(=O)c3ccccc3)cnc3cc(OC)c(OC)cc23)CC1,5.48,5.7909636
COc1cc(CNCCc2ccc(Cl)cc2)cc(OC)c1O,5.73,4.983885
N=c1n(CCN2CCCCC2)c2ccccc2n1CC(O)c1cccc(Br)c1,5.96,6.25126
O=C(Nc1ccc(Cl)cc1C(=O)Nc1ccncc1)c1ccc(Cl)cc1Cl,6.06,6.010993
CCOc1ccc(N2C(N)=NC(N)=NC2(C)C)cc1,5.09,5.8177443
CCOc1ccc(Nc2c3ccccc3nc3ccccc23)cc1,5.78,5.3977714
CCCCC(O)(c1ccc(Cl)cc1)C(CN1CCOCC1)c1ccc(Cl)cc1,5.45,5.3813376
CC(C)c1ccc(CNCC(O)c2ccccc2)cc1,5.97,5.4415946
CCc1c(C)c(=N)c2ccccc2n1C,5.56,5.632713
CCN(CC)CCn1c(=N)n(CC(O)c2ccc(Cl)c(Cl)c2)c2ccccc21,5.68,6.206067
Cc1ccc(Nc2nc(-c3ccccn3)cs2)cc1,5.86,6.2597814
Clc1cc(Br)ccc1-c1ccc(CNCC2CCNCC2)o1,6.39,5.85822
Oc1c(C(Nc2ccccn2)c2cccc(Oc3ccccc3)c2)ccc2cccnc12,5.41,5.286996
CCCCNCC(O)(c1ccc(Cl)cc1)c1ccc(Cl)cc1,6.38,5.6601024
NC1=NC(c2ccc([N+](=O)[O-])cc2)NC(NCCc2ccc(Cl)c(Cl)c2)=N1,4.95,5.7538357
NC1=NC(c2ccccc2)NC(NCCCCCOc2ccc(Cl)cc2)=N1,5.87,5.5213284
CCc1ccc(Nc2cc(C)nc3nc(C)nn23)cc1,6.16,5.690535
CCN1CCN(c2cc(C)c3cc(NC(=O)c4ccc(OC)c(OC)c4)ccc3n2)CC1,5.73,5.1530914
CCN1CCCC1CNc1[nH]cnc2c3cc(Cl)ccc3nc1-2,5.84,6.4152927
COc1cccc(Nc2nc(N)c3ccccc3n2)c1,5.51,5.9820814
CCOc1cccc(C(=O)Nc2ccc(-c3nc4ccccc4[nH]3)cc2)c1,5.92,5.4239435
CCC1(C)CC(CCNCc2ccccc2O)(c2ccc(C)cc2)CCO1,6.85,6.9942775
O=C(NCCCN1CCC(N2CCCCC2)CC1)C1=Cc2cc(Br)ccc2OC1,6.02,5.469593
CCC(O)c1ccc(Br)cc1NC(=O)c1cccc(Cl)c1,6.15,5.8493943
COc1cc2c(cc1OC)C1=NNC(=O)C1=NC(C)(C)C2,6.14,6.66119
C=CCc1c(C)nc2ccccc2c1O,5.83,5.5767164
Cc1cccc(N2C(=O)C3C(C2=O)C2(c4ccccc4)C(=O)C3(c3ccccc3)C(c3ccc4c(c3)OCO4)=C2c2ccc3c(c2)OCO3)c1,5.77,4.8463287
CCOc1ccccc1NC(=O)CN1CCN(C(=O)c2ccco2)CC1,5.54,5.5712385
Cc1cc(C)cc(Nc2cc(C)nc3nc(C(F)(F)F)nn23)c1,6.86,6.514656
Cc1cc(N2CCCC2)nc(Nc2ccc(NC(=O)CCc3ccccc3)cc2)n1,5.9,5.51159
O=c1c(O)c(-c2ccc(O)c(O)c2)oc2c(CNCCc3cccc(Cl)c3)c(O)cc(O)c12,5.17,6.7635965
FC(F)(F)c1cccc(Nc2nc(-c3ccccc3)nc3ncccc23)c1,6.05,4.9351926
COc1ccc(C(=O)Nc2ccc(Cl)cc2C(=O)Nc2ccncc2)cc1,6.09,5.5907154
O=C(NCC1Cc2cccc(-c3ccncc3)c2O1)c1csc2c1CCCC2,5.77,5.3813376
Cc1ccc(NC(=O)Nc2cccc(Cl)c2)cc1F,5.92,4.9595385
CCN(CC)Cc1cc(/C=N/N=C(\N)CC(O)c2cc3c(F)cc(F)cc3c3cc(C(F)(F)F)ccc23)ccc1O,6.96,6.668494
CC[C@H](C)[C@H](NC(=O)[C@H]([C@@H](C)CC)N(C)C(C)=O)C(=O)N[C@H](C(=O)N[C@@H](CC(C)C)C(=O)[C@@]1(C)CO1)[C@@H](C)O,7.27,8.326627
COc1ccc2c(c1)C1(Nc3ccccc3-c3nc4ccccc4n31)C(=O)N2,6.62,4.7952013
OC(Cn1nnc2ccccc21)Cn1c2ccc(Br)cc2c2cc(Br)ccc21,5.69,5.748966
Cc1ccc(CN2CCC(C(=O)Nc3ccc(-c4cc5ccccc5[nH]4)cc3)CC2)o1,6.34,5.8783054
CC(C)(C)c1ccc2c(c1)CN(Cc1ccc(Cl)cc1)CO2,6.71,5.6576676
CCCCCCC(O)(c1ccc(F)cc1)C(CN1CCOCC1)c1ccccc1,5.47,5.6333213
CCOc1cc(Br)c(C(C)NC(=O)c2cccc(OC)c2)cc1OCC,5.84,5.272388
FC(F)(F)c1ccc(Nc2nnnc3ccccc23)cc1,5.4,6.1424627
OC(CNC1CCCCC1)Cn1c2ccc(I)cc2c2cc(I)ccc21,6.36,7.4519873
CCOC(=O)C1=C(C)N=c2sc(=Cc3ccccc3O)c(=O)n2C1c1ccc(OC)c2ccccc12,5.82,4.9546695
CCOc1cc(Cl)c(C(C)NC(=O)c2cccc(OC)c2)cc1OCC,6.19,5.3837724
Cn1c(=O)n(C)c2cc(CNCCNc3ccnc4cc(Cl)ccc34)ccc21,6.71,7.356428
COc1ccc2nc(N)nc(C)c2c1,5.73,5.2687364
Nc1ccc(-c2nc3cc(Cc4ccc5[nH]c(-c6ccc(N)cc6)nc5c4)ccc3[nH]2)cc1,5.74,5.722794
COc1ccc(CNC2CCN(c3ccc(NC(=O)c4cccc(Cl)c4)cc3)CC2)cc1OC,5.93,5.4355083
CN(C)c1ccc(-c2nc3cc(N)ccc3[nH]2)cc1,5.91,5.7021
CC(=O)c1ccc(NC(=O)CSc2nc(-c3ccccc3Cl)ns2)cc1,5.77,4.8877172
COc1cc(C(=O)ON=C(N)Cc2cccc3ccccc23)cc(OC)c1OC,5.4,5.509764
COc1ccc(C[C@H](N)C(=O)N[C@H]2[C@@H](O)[C@H](n3cnc4c(N(C)C)ncnc43)O[C@@H]2CO)cc1,6.96,7.280346
O=C(Cc1cc[n+]([O-])cc1)N1CC(CNc2ccc(F)cc2)C2(C1)CN(c1cc(F)cc(F)c1)C2,5.29,5.661928
O=C(Cc1ccc(O)cc1)N1CC(CNc2ccccc2)C2(C1)CN(c1ccccc1)C2,7.44,6.955019
O=C(Cc1ccc(O)cc1)N1CC(CNc2ccccc2)C2(C1)CN(c1ccccc1)C2,7.43,6.954715
Oc1ccc(CN2CC(CNc3ccccc3)C3(C2)CN(c2ccccc2)C3)cc1,5.55,6.9678006
O=C(Nc1nc(-c2ccccn2)cs1)c1ccccc1Br,5.79,5.692361
NC1CCN(c2nccc3[nH]c(-c4cccc(OC(F)(F)F)c4)nc23)CC1,5.55,6.4918694
Cc1cc(Nc2cccc(F)c2)nc(NCc2ccccc2)n1,6.26,5.3442097
O=C1c2ccccc2C2=Nc3ccccc3SC(c3cccc(F)c3)C12,6.12,5.6430597
CCOc1ccc2nc(C)cc(Nc3ccc(Br)cc3)c2c1,6.1,5.88074
CCOC(=O)C1=CN(C)C=C(C(=O)OCC)C1c1cc(Br)c(OCC)c(OC)c1,6.34,5.694187
COc1ccc2c(c1)OC(O)(C(F)(F)C(F)(F)F)CC2=O,6.43,6.1838512
CCOc1cc2c(cc1OCC)C(c1cc(OC)c(O)cc1Cl)NCC2,6.92,5.459854
COc1ccc(-n2ccnc2SCC(=O)Nc2cc(C)ccc2C)c(OC)c1,6.45,4.7489433
Clc1cc(Br)ccc1-c1ccc(CNCC2CCNCC2)o1,6.22,5.857916
Oc1ccccc1CNCC12CC3CC(CC(C3)C1)C2,6.55,7.9529114
CC1(C)N=C(N)N=C(NCCc2ccc(Cl)cc2)N1,4.78,5.914825
NC1=NC(c2ccccc2)NC(NCCCOc2c(Cl)cc(Cl)cc2Cl)=N1,5.36,5.886218
NC1=NC(c2ccc([N+](=O)[O-])cc2)NC(NCCCOc2ccc(Cl)cc2)=N1,5.13,5.3162117
CC1(C)N=C(N)N=C(NCCCSc2ccc(Cl)cc2)N1,5.11,5.876784
COc1ccc(-c2cc3c(nn2)-c2ccccc2C3=O)cc1,6.14,5.4032493
Cc1c(C)n(Cc2ccc(F)cc2)c2ccc(C(=O)NCc3ccco3)cc12,7.08,5.433682
COc1ccc(C2C(C(=O)Nc3cccc(OC)c3)c3ccccc3C(=O)N2C2CCCCC2)cc1,5.63,4.980233
CCOC(=O)C1CCN(C(=O)CN2C(=O)c3ccccc3C2c2c[nH]c3ccccc23)CC1,6.29,4.9193673
COc1cccc(-c2nn(C)c3sc(C(=O)NCCN4CCN(c5ccccc5F)CC4)cc23)c1,5.72,5.811049
c1ccc2c(NCCCCCCNc3c4c(nc5ccccc35)CCCC4)c3c(nc2c1)CCCC3,6.26,6.5929446
Cc1[nH]c(-c2ccc(F)cc2)cc1C(=O)NC1CCN(Cc2ccccc2)CC1,5.78,5.6899266
CCC(=O)Nc1nnc(Cc2ccc(OC)c(OC)c2)s1,6.15,4.5651293
Nc1nc(Nc2cccc(F)c2)nc2ccccc12,5.63,5.5998454
CCOc1c(Cl)cc(CNCC(O)c2ccccc2)cc1OC,5.89,5.6089754
CCOc1cc(CNC(C)C(O)c2ccccc2)cc(Cl)c1OCC,5.72,5.200567
COc1cccc(O)c1CN1CCC2(CCCN(Cc3ccc(F)cc3)C2)C1,6.3,6.0341215
COc1ccc(CCn2c(=N)c(C(=O)NCc3cccnc3)cc3c(=O)n4cccc(C)c4nc32)cc1,6.57,5.1141376
CCOc1ccc(/C=C/c2nc(=O)c3ccccc3o2)cc1,6.13,4.907194
O=C(NC1CCCC1)c1ccc(N2CCC(NCc3cccc(C(F)(F)F)c3)CC2)cc1,6.33,5.7495747
O=C(NCc1ccco1)C1CCN(S(=O)(=O)c2ccc(Cl)cc2)CC1,6.06,5.4671583
COc1ccccc1CNC(=O)CCn1c(=O)[nH]c2ccccc2c1=O,6.29,5.2115226
Cn1c(=O)n(-c2cccc(C(F)(F)F)c2)c2c3cc(-c4ccncc4)ccc3ncc21,6.44,6.928238
Cn1c(=O)n(-c2cccc(C(F)(F)F)c2)c2c3ccccc3ncc21,5.44,5.319255
Cn1c(=O)n(-c2cccc(C(F)(F)F)c2)c2c3cc(-c4ccc(S(C)(=O)=O)cc4)ccc3ncc21,6.07,6.2646503
COc1ccc(-n2c(=O)n(C)c3cnc4ccc(-c5ccc(N)nc5)cc4c32)cc1,6.83,7.03384
CCN(CC)CCn1c(=N)n(CC(O)c2ccc(Cl)c(Cl)c2)c2ccccc21,6.39,6.206219
COc1ccc(CCN2C(=O)c3[nH]nc(-c4cc(Cl)c(C)cc4O)c3C2c2ccccc2F)cc1,5.5,5.780008
CC1CC2=C(CC1CNCCCN(C)C)C(C)(C)CCC2,6.32,5.7550526
O=C([C@H](O)c1ccc(O)cc1)N1CC(CNc2ccc(F)cc2)C2(C1)CN(c1cc(F)cc(F)c1)C2,7.82,5.9084344
CCN(CC)Cc1cccc(Nc2nc3ccccc3n2Cc2ccc(F)cc2)c1O,5.65,6.2858014
CC[C@H]1CN2CCc3cc(OC)c(OC)cc3[C@@H]2C[C@@H]1C[C@H]1NCCc2cc(OC)c(OC)cc21,9.0,8.540874
CCC(=O)O[C@]1(C(=O)CCl)[C@@H](C)C[C@H]2[C@@H]3CCC4=CC(=O)C=C[C@]4(C)[C@@]3(F)[C@@H](O)C[C@@]21C,6.1,5.069097
COc1ccc(CNC2CCN(Cc3ccccc3)CC2)cc1,5.89,5.30769
O=C(NO)c1cnc(N2CCC3(CCN(Cc4c[nH]c5ccccc45)C3)CC2)nc1,7.28,6.211393
C[C@H]1[C@@H](O)O[C@@H]2O[C@@]3(C)CC[C@H]4[C@H](C)CC[C@@H]1[C@@]24OO3,8.7,8.795292
CCN(CC)c1ccc2cc(C3=NNC(c4ccc(O)cc4)C3)c(=O)oc2c1,4.57,6.174569
CCN(CC)c1ccc2cc(C3=NNC(c4ccc(O)cc4)C3)c(=O)oc2c1,4.52,6.1748734
CCN(CC)c1ccc2cc(C3=NN(C(=O)c4ccccc4)C(c4ccc(F)cc4)C3)c(=O)oc2c1,5.72,5.7605305
CCN(CC)c1ccc2cc(C3=NN(C(=O)c4ccccc4)C(c4ccc([N+](=O)[O-])cc4)C3)c(=O)oc2c1,5.68,6.0876837
CC1=C2C=C3C(=O)c4cc(O)ccc4C(=O)C3(O)C(C)=C2CC1,4.92,5.127528
c1cc(N2CCCN(c3ccc(C4=NCCN4)cc3)CC2)ccc1C1=NCCN1,6.83,4.979016
CC1CC2=C(CC1CNCCCN(C)C)C(C)(C)CCC2,6.86,5.7556615
Nc1ncc(-c2ccc(C(=O)N3CC[C@@H](O)C3)cc2)nc1-c1ccc(C(F)(F)F)cc1,6.49,7.795878
COc1cc(NC(C)CCCNC2CCC3(CC2)OO[C@@]2(C)CCC(C(C)C)=C[C@H]2O3)c2ncccc2c1.O=C(O)CC(O)(CC(=O)O)C(=O)O,7.34,6.9617143
CCNCCNc1c(C)c(-c2ccc(C(F)(F)F)cc2)c(C#N)c2nc3ccccc3n12,5.59,6.6802106
CCNCCNc1cc(-c2ccc(C(F)(F)F)cc2)c(C#N)c2nc3cc(Cl)ccc3n12,6.09,6.9026747
CC(C)(C(=O)N1CC(CNc2ccc(F)cc2)C2(C1)CN(c1cc(F)cc(F)c1)C2)c1ccc(O)cc1,6.75,5.98969
COc1c(CC=C(C)C)c(O)c(C(C)=O)c(O)c1Cc1c(O)c(C(C)=O)c(O)c(CC=C(C)C)c1OC,5.44,6.620562
Clc1cc(Br)ccc1-c1ccc(CNCC2CCNCC2)o1,5.92,5.85822
Clc1ccc(-c2ccc(CNCC3CCNCC3)o2)c(Br)c1,5.96,5.901739
NC(=O)c1cc(CC(=O)N2CC(CNc3ccc(F)cc3)C3(C2)CN(c2cc(F)cc(F)c2)C3)ccc1O,5.34,5.7751384
CCNCCNc1cc(-c2ccc(C(F)(F)F)cc2)c(C#N)c2nc3cc(Cl)cc(Cl)c3n12,5.84,6.7925076
Clc1cccc(C(Nc2ccnc3cc(Cl)ccc23)c2ccc(CN3CCCC3)cc2)c1,7.66,7.4720726
COc1ccc2nc3cc(Cl)ccc3c(NC(c3ccc(Cl)cc3)c3ccc(CN4CCCC4)cc3)c2c1,7.31,7.827528
C[C@H]1[C@H](OC(=O)CCC(=O)O)O[C@@H]2O[C@@]3(C)CC[C@H]4[C@H](C)CC[C@@H]1[C@@]24OO3,8.1,8.426446
COc1ccc(O)c(N2CCCCC2)c1,6.1,5.587672
CCN(CC)c1ccc2cc(C3=NNC(c4ccc([N+](=O)[O-])cc4)C3)c(=O)oc2c1,4.52,5.912086
Clc1cccc2c1[I+]c1cccc(Cl)c1-2.O=S(=O)([O-])C(F)(F)F,6.44,6.033209
Fc1cccc2c1-c1c(F)cccc1[I+]2.O=S(=O)([O-])C(F)(F)F,6.08,6.2024155
CCN(CC)CCCC(C)Nc1ccnc2cc(Cl)ccc12,7.52,7.2511306
CCN(CC)c1ccc2cc(C3=NN(c4ccccc4)C(c4ccc(O)cc4)C3)c(=O)oc2c1,4.76,5.7124467
CCOc1ccc2c(c1)CN(Cc1ccc(Cl)cc1)CO2,6.21,5.2942996
COc1ccc(CN2CCCC(C(=O)c3ccc(C(F)(F)F)cc3)C2)c(O)c1,6.2,5.667406
CC1(c2ccccc2)Nc2ccccc2-c2nc3ccccc3n21,6.58,5.508547
CCC(c1ccccc1)c1nn2c(-c3cccs3)nnc2s1,6.47,5.8302217
CCOc1cc2c(cc1OCC)C(c1cc(C)c(O)c(C)c1)NCC2,6.18,5.139701
Clc1cc(Br)ccc1-c1ccc(CNCC2CCNCC2)o1,7.59,5.857611
CC1CC2=C(CC1CNCCCN(C)C)C(C)(C)CCC2,6.72,5.7556615
CCN(Cc1ccccc1)C1CCN(Cc2cc(Br)ccc2O)CC1,6.22,6.0411215
COc1ccc(Cl)c2c1[I+]c1ccccc1-2.O=S(=O)([O-])C(F)(F)F,6.89,6.099552
Fc1cccc2c1-c1cccc(Cl)c1[I+]2.O=S(=O)([O-])C(F)(F)F,6.72,6.204089
O=C(Cn1cc(COc2ccc(Br)cc2)nn1)NCCNc1ccnc2cc(Cl)ccc12,5.07,7.2596517
N/C(CC(O)c1cc2ccccc2c2ccccc12)=N\N=C\c1ccc(F)cc1,6.43,6.3991632
CC[n+]1c2c(n(CC(C)C)c1C)C(=O)c1ccccc1C2=O,7.48,8.957194
CCCCCCCCCC[n+]1c2c(n(CC(C)C)c1C)C(=O)c1ccccc1C2=O,6.43,8.235328
Cc1n(CC(C)C)c2c([n+]1C(C)C)C(=O)c1ccccc1C2=O,6.16,8.75512
CCN(CC)Cc1cccc(Nc2nc3ccccc3n2Cc2ccc(C(F)(F)F)cc2)c1O,5.84,6.457737
O=C1c2ccccc2C2=Nc3ccccc3SC(c3cccc(F)c3)C12,5.67,5.6430597
CCOC(=O)c1cnc2ccc(CC)cc2c1O,6.24,5.5888896
OC1=C2C(=Nc3ccccc3SC2c2ccccc2)c2ccccc21,5.49,5.4422035
Cc1[nH]c2ccccc2c1/C=C/c1cc(N)c2ccccc2[n+]1C,5.72,6.05299
COc1ccc2c(=O)cc(C(Cl)(Cl)Cl)oc2c1,6.02,5.338732
Cc1ccc(-c2nc(CN(Cc3ccccn3)C(C)C)cs2)o1,6.35,5.4330735
c1ccc2c(NCCCCCCNc3c4c(nc5ccccc35)CCCC4)c3c(nc2c1)CCCC3,5.62,6.593401
CC(C)(C)CC(C)(C)NCC(O)COc1ccc(Cl)cc1Cl,5.25,5.5450664
Cc1cccc(-n2ncc3c(O)nc(-n4nc(C)cc4NC(=O)c4cc5ccccc5o4)nc32)c1,5.79,5.794007
COC(=O)c1ccc(C2C3=C(O)CC(c4ccc(F)cc4)CC3=Nc3ccccc3N2C(=O)c2ccccc2)cc1,5.19,5.725229
COc1ccc(C2NCCc3c2[nH]c2ccccc32)cc1CN1CCN(c2ccc(F)cc2)CC1,5.47,5.584629
C[C@@H]1CC[C@H]2[C@@H](C)C(=O)O[C@@H]3O[C@@]4(C)CC[C@@H]1[C@]32OO4,7.75,7.9772577
C[C@@H]1CC[C@H]2[C@@H](C)C(=O)O[C@@H]3O[C@@]4(C)CC[C@@H]1[C@]32OO4,7.79,7.9772577
CCOc1cccc2sc(N(Cc3cccnc3)C(=O)C3CCCCC3)nc12,5.57,5.4610715
COc1ccc(C=C2SC(=N)N(c3ccccc3OC)C2=O)cc1,6.32,5.31682
Clc1cc(Br)ccc1-c1ccc(CNCC2CCNCC2)o1,6.8,5.85822
CN(C)CCCNc1c2ccccc2nc2ccccc12,5.5,6.563044
COc1cc([C@H](O)[C@H](C)Oc2c(OC)cc(-c3ccccc3)cc2OC)cc(OC)c1OC,7.7,5.0642276
C[C@H]1Cc2c([nH]c3cc(Cl)c(F)cc23)[C@@]2(N1)C(=O)Nc1ccc(Cl)cc12,8.72,8.889025
OC(c1cc(C(F)(F)F)nc2c(C(F)(F)F)cccc12)C1CCCCN1,7.96,7.8956976
C[C@H]1Cc2c([nH]c3cc(Cl)c(F)cc23)[C@@]2(N1)C(=O)Nc1ccc(Cl)cc12,9.04,8.889025
CN1CCC(NCc2cccc(-c3ccc(S(=O)(=O)NCc4ccccc4)cc3)c2)CC1,5.85,5.863089
Cc1cccc(Nc2nc(N)c3ccccc3n2)c1,5.46,5.678362
CCOC(=O)c1ccc2nc(-c3ccccc3)cc(O)c2c1,6.63,5.7891374
COc1cc(NC(C)CCCN)c2ncccc2c1,5.34,6.1795907
CCN(CC)CCCC(C)Nc1ccnc2cc(Cl)ccc12,6.52,7.2505217
Cc1cc(CNC(C)(C)C)c(O)c(Nc2nc3ccccc3n2Cc2ccc(C(F)(F)F)cc2)c1,6.04,6.520286
CCN(CC)Cc1cc(Cl)cc(Nc2nc3ccccc3n2Cc2ccc(C(F)(F)F)cc2)c1O,7.25,6.94315
CCN(CC)Cc1c(Cl)ccc(Nc2nc3ccccc3n2Cc2ccc(C(F)(F)F)cc2)c1O,5.51,6.365383
CCNCc1cc(Cl)cc(Nc2nc3cc(F)c(F)cc3n2Cc2ccc(C(F)(F)F)cc2)c1O,6.34,6.932499
COc1ccc(-c2cc3c(nn2)-c2ccccc2C3=O)cc1,5.43,5.4032493
CCn1ncc2c(NC3CCOCC3)c(CNC(=O)c3ccnn3C)c(C)nc21,6.62,6.3150167
COc1cccc(CC(=O)N2CCC(n3c(C)nc4ccc(F)cc43)CC2)c1,6.51,6.6885796
C/C=C/c1cc(OC)c(O[C@H](C)[C@@H](O)c2cc(OC)c(OC)c(OC)c2)c(OC)c1,5.57,5.428813
COc1ccc2nccc(NC(c3ccc(Cl)cc3)c3ccc(CN4CCOCC4)cc3)c2c1,7.17,7.3217344
O=C(CCCCCCCC(=O)NO)NO,5.26,6.9964075
FC(F)(F)c1cc(NC(c2ccc(Cl)cc2)c2ccc(CN3CCCC3)cc2)c2cccc(C(F)(F)F)c2n1,5.91,6.6614943
CN(C)c1ccc(C(O)(c2ccc(N(C)C)cc2)c2ccc(N(C)C)cc2)cc1,6.8,5.6034975
CC(/C=C/C(=O)NO)=C\[C@@H](C)C(=O)c1ccc(N(C)C)cc1,7.81,8.14403
O=C1C(O)=C([C@H]2CC[C@H](c3ccc(Cl)cc3)CC2)C(=O)c2ccccc21,4.3,8.331495
COc1ccc(C2N=C(N)N=C(NCCCOc3ccc(Cl)cc3)N2)cc1,5.18,5.545675
CC(C)c1ccc(/C=C/C(=O)NCCCCNc2ccnc3cc(Cl)ccc23)cc1,7.96,7.7167525
Nc1ccc(/C=C/C(=O)NCCCCNc2ccnc3cc(Cl)ccc23)cc1,7.96,7.216437
C[C@H]1Cc2c([nH]c3cc(Cl)c(F)cc23)[C@@]2(N1)C(=O)Nc1ccc(Cl)cc12,8.37,8.889025
O=c1cc(NC2CCN(CCCc3ccccc3)CC2)c2cc(Cl)ccc2o1,6.27,6.917587
C[n+]1c(/C=C/c2c[nH]c3ccccc23)cc(N)c2ccccc21,7.0,6.341113
CC(C)=CCC/C(C)=C/CC/C(C)=C/Cn1cc(CSc2ccccc2C(=O)O)nn1,4.59,5.329602
CNCCc1cc(Br)c(OCCCNC(=O)C2=NO[C@@]3(C=C(Br)C(OC)C(Br)=CO3)[C@H]2O)c(Br)c1,5.72,6.1080737
CCNCc1cc(C)cc(Nc2nc3cc(F)c(F)cc3n2Cc2ccc(C(F)(F)F)cc2)c1O,6.68,6.676711
COc1ccc(NC2CCN(CCc3ccccc3)CC2)cc1OC,5.89,5.9346066
CN1CCC(=C2c3ccccc3C=Cc3ccccc32)CC1,5.0,4.835373
COc1ccccc1NC1=C(N2CCCCC2)C(=O)c2ccccc2C1=O,7.02,4.669818
O=C(Cc1ccc(O)cc1)N1CC(CNc2ccccc2)C2(C1)CN(c1ccccc1)C2,6.61,6.955019
O=C(Cc1ccc(O)cc1)N1CC(CNc2ccccc2)C2(C1)CN(c1ccccc1)C2,5.36,6.954715
O=C([C@@H](O)c1ccc(O)cc1)N1CC(CNc2ccc(F)cc2)C2(C1)CN(c1cc(F)cc(F)c1)C2,7.35,5.973256
O=C(Cc1ccc(O)cc1)N1CC(CNc2ccccc2)C2(C1)CN(c1ccccc1)C2,5.35,6.9544106
N[C@@H](C(=O)N1CC(CNc2ccc(F)cc2)C2(C1)CN(c1cc(F)cc(F)c1)C2)c1ccccc1,6.84,5.577934
CC1(C)c2nc(-c3ccc(F)cc3)c(Nc3ccc(F)cc3)n2CCN1C(=O)CN,7.8,5.414814
CSc1ccc2c(c1)C(N1CCN(C)CC1)Cc1ccccc1S2,5.1,5.1421356
CC(C)C1=C[C@H]2OC3(CCC(NCCNc4ccnc5cc(Cl)ccc45)CC3)OO[C@@]2(C)CC1.O=C(O)CC(O)(CC(=O)O)C(=O)O,7.16,7.772749
CC(C)C1=C[C@H]2OC3(CCC(NCCNc4ccnc5cc(Cl)ccc45)CC3)OO[C@@]2(C)CC1.O=C(O)CC(O)(CC(=O)O)C(=O)O,7.17,7.7739663
CCCCCCCCCCNC(=N)c1ccc(N2CCN(c3ccc(C(=N)NCCCCCCCCCC)cc3)CC2)cc1,7.12,7.8299627
OC(c1cc(C(F)(F)F)nc2c(C(F)(F)F)cccc12)C1CCCCN1,7.7,7.8956976
CCNCCNc1cc(-c2ccc(C(F)(F)F)cc2)c(C#N)c2nc3cc(Cl)c(Cl)cc3n12,6.14,6.871633
CCNCc1cc(Cl)cc(Nc2nc3ccccc3n2Cc2ccc(C(F)(F)F)cc2)c1O,6.37,6.693145
CC(C)(C)NCc1cc(Cl)cc(Nc2nc3ccccc3n2Cc2ccc(C(F)(F)F)cc2)c1O,4.23,6.8768067
Cc1cc(CNC(C)(C)C)c(O)c(Nc2nc3cc(F)c(F)cc3n2Cc2ccc(C(F)(F)F)cc2)c1,6.28,6.877415
CCN(CC)CCCC(C)Nc1ccnc2cc(Cl)ccc12,6.55,7.2505217
Clc1ccccc1C(c1ccccc1)(c1ccccc1)n1ccnc1,6.26,6.237261
CC(/C=C/C(=O)NO)=C\[C@@H](C)C(=O)c1ccc(N(C)C)cc1,7.81,8.1452465
N=C(N)c1ccc(N2CCCN(c3ccc(C(=N)N)cc3)CC2)cc1,5.8,6.738033
N=C(N)c1ccc(N2CCN(c3ccc(C(=N)N)cc3)CC2)cc1,6.81,8.4398365
CN1c2ccccc2N(C)C1c1ccc2c(c1)OCO2,5.94,5.061793
COc1ccc(/C=C/C(=O)NCCCCNc2ccnc3cc(Cl)ccc23)cc1,7.96,7.5451117
CC(O)c1cc2c(o1)C(=O)c1ccccc1C2=O,6.2,5.672884
CSc1ccc2c(c1)C(N1CCN(C)CC1)Cc1ccccc1S2,5.0,5.1421356
CCN(CC)CCCC(C)Nc1ccnc2cc(Cl)ccc12,7.55,7.2511306
CC(C)=CCC/C(C)=C/CC/C(C)=C/CSc1ccccc1C(=O)O,4.69,5.08127
N=c1n(CCN2CCCCC2)c2ccccc2n1CC(O)c1cccc(Br)c1,5.41,6.2517166
COc1ccc(-c2cc3c(nn2)-c2ccccc2C3=O)cc1,5.3,5.403858
CSc1ccc2c(c1)C(N1CCN(C)CC1)Cc1ccccc1S2,5.2,5.1421356
CN1CCC(=C2c3ccccc3C=Cc3ccccc32)CC1,5.3,4.835373
O=C1C(O)=C([C@H]2CC[C@H](c3ccc(Cl)cc3)CC2)C(=O)c2ccccc21,8.4,8.331495
CCN(CC)CCCC(C)Nc1ccnc2cc(Cl)ccc12,6.7,7.2505217
C=C[C@H]1CN2CC[C@H]1C[C@@H]2[C@@H](O)c1ccnc2ccccc12,8.3,7.053317
Cc1cc(C)cc(C(=O)NOCCCCCC(=O)NO)c1,6.48,6.9452806
COc1ccc2c(=O)c3c(OC)c4c(cc3n(C)c2c1OC)OCO4,4.49,4.2023697
O=C(CCCCCONC(=O)Nc1cccc2ccccc12)NO,5.67,5.7714863
CC(C)(C)NCc1cc(Cl)cc(Nc2nc3cc(F)c(F)cc3n2Cc2ccc(C(F)(F)F)cc2)c1O,6.16,7.035362
CCN(CC)CCCC(C)Nc1ccnc2cc(Cl)ccc12,7.77,7.2511306
CCN(CC)Cc1cc(Cl)cc(Nc2nc3ccccc3n2Cc2ccc(C(F)(F)F)cc2)c1O,5.72,6.94315
Cc1c(CN2CCCC2)cc(-c2ccc(Cl)cc2)n1Nc1ccnc2cc(Cl)ccc12,7.51,7.2152195
COc1cc(NC(C)CCCN)c2ncccc2c1,8.05,6.179895
CCN(CC)CCCC(C)Nc1ccnc2cc(Cl)ccc12,6.64,7.2511306
CN1CCC(=C2c3ccccc3C=Cc3ccccc32)CC1,5.3,4.835373
C[C@H]1[C@H](OC(=O)CCC(=O)O)O[C@@H]2O[C@@]3(C)CC[C@H]4[C@H](C)CC[C@@H]1[C@@]24OO3,8.52,8.426446
C[C@H]1[C@@H](O)O[C@@H]2O[C@@]3(C)CC[C@H]4[C@H](C)CC[C@@H]1[C@@]24OO3,9.4,8.795292
C[C@@H]1CC[C@H]2[C@@H](C)C(=O)O[C@@H]3O[C@@]4(C)CC[C@@H]1[C@]32OO4,7.77,7.9772577
CSc1ccc2c(c1)C(N1CCN(C)CC1)Cc1ccccc1S2,5.0,5.1421356
CN1CCN(c2ncnc3c2[nH]c2ccc(Cl)cc23)CC1,5.93,6.063946
O=C(CCc1ccco1)NC1CCN(CC2(c3ccc(Cl)cc3)CCC2)CC1,5.99,6.549045
CCCCCCc1cc2cc(-c3nc4ccccc4[nH]3)c(=Nc3ccccc3C)oc2cc1O,5.24,6.1987634
Oc1ccc(Br)cc1CN1CCN(Cc2cccc(F)c2)CC1,5.89,6.0210357
Cc1ccc(NC(=O)CN(Cc2ccc(C(=O)NO)cc2)C(=O)c2ccc(N(C)C)cc2)cc1,5.41,7.7045794
C[C@H]1[C@H](OC(=O)CCC(=O)O)O[C@@H]2O[C@@]3(C)CC[C@H]4[C@H](C)CC[C@@H]1[C@@]24OO3,8.1,8.426446
CC[C@H](C)[C@H](NC(=O)[C@H]([C@@H](C)CC)N(C)C(C)=O)C(=O)N[C@H](C(=O)N[C@@H](CC(C)C)C(=O)[C@@]1(C)CO1)[C@@H](C)O,8.15,8.326627
C[C@@H]1CC[C@H]2[C@@H](C)C(=O)O[C@@H]3O[C@@]4(C)CC[C@@H]1[C@]32OO4,8.05,7.9772577
Cn1c(=O)n(-c2ccc(C#N)cc2)c2c3cc(-c4ccc(N)nc4)ccc3ncc21,6.93,6.7514234
COc1cc(OC)c(N(C)C(=O)c2cc3c(s2)-c2ccccc2S(=O)(=O)C3)cc1Cl,6.53,5.341775
CCOc1ccc(Nc2ccnc3cc(Cl)ccc23)cc1,6.11,5.7240114
COc1ccc(C(=O)C(CCC(CNC(C)(C)C)C(=O)c2ccc(OC)cc2)CNC(C)(C)C)cc1,5.8,5.4738536
CCCn1c(=N)c(C(=O)NC2CCCCC2)cc2c(=O)n3cccc(C)c3nc21,5.79,5.9623003
N#Cc1c(C(F)(F)F)cc(NCc2ccccc2F)n2c1nc1cc(Cl)c(Cl)cc12,6.43,6.154331
C[C@H]1[C@H](OC(=O)CCC(=O)O)O[C@@H]2O[C@@]3(C)CC[C@H]4[C@H](C)CC[C@@H]1[C@@]24OO3,8.79,8.426446
CCN(CC)c1ccc2cc(C3=NN(C(=O)c4ccccc4)C(c4ccc(F)cc4)C3)c(=O)oc2c1,5.38,5.7605305
Cc1ccc(-c2cc3nc4c(c(O)n3n2)CCCC4)cc1,5.75,5.1567435
COc1cc(-c2nc(-c3ccc(Sc4ccccc4)cc3)c(-c3ccccc3)[nH]2)cc(OC)c1O,6.13,6.0572505
Cc1cc(N(C)C)nc(Nc2ccc(NC(=O)Nc3ccccc3)cc2)n1,6.01,6.1655917
CCCCCCCCCCCCCn1cc(CSc2ccccc2C(=O)O)nn1,4.7,4.9193673
FC(F)(F)c1nc(-c2ccc(CCN3CCC(Nc4nc5cnc(Cl)cc5[nH]4)CC3)cc2)no1,5.23,6.850939
CCN(CC)CCCC(C)Nc1ccnc2cc(Cl)ccc12,8.22,7.2511306
CCN(CC)CCCC(C)Nc1ccnc2cc(Cl)ccc12,7.9,7.2511306
CCN(CC)CCCC(C)Nc1ccnc2cc(Cl)ccc12,8.02,7.2505217
OC[C@H]1O[C@@H](n2cnc3c(NC4CCCCCC4)nc(NC4CCCCCC4)nc32)[C@H](O)[C@@H]1O,5.31,5.8271785
N#Cc1ccc(-c2cnc(N)c(-c3ccc(C(N)=O)cc3)n2)cc1,6.85,7.2188716
CCc1ccc(C(NCc2nc(N)nc(N(C)C)n2)C(C)C)cc1,7.1,5.6741014
NC1=NC(c2ccccc2)NC(NCCCCOc2ccc(Cl)cc2)=N1,5.57,5.5937586
CC(C)(C)C(=O)Nc1ccc(C(=O)Nc2cccc(-c3nc4ccccc4[nH]3)c2)cc1,6.12,5.842395
CN(C)Cc1ccc(Nc2c3ccccc3nc3ccccc23)cc1,6.22,6.0326
Clc1cc(Br)ccc1-c1ccc(CNCC2CCNCC2)s1,7.7,6.228131
Clc1ccc(-c2ccc(CNCC3CCNCC3)o2)c(-c2ccccc2)c1,6.08,5.91939
O=c1[nH]c2cnc3ccc(-c4ccncc4)cc3c2n1-c1cccc(C(F)(F)F)c1,5.94,6.329929
Cn1c(=O)n(-c2cccc(C(F)(F)F)c2)c2c3cc(-c4ccccc4)ccc3ncc21,5.33,6.2711935
CCOc1ccc(CN2CCN(CC(O)COc3ccc(OCC(O)CN4CCN(Cc5ccc(OCC)cc5)CC4)cc3)CC2)cc1,6.02,4.4799175
Cc1cc(Nc2ccc(Cl)cc2)n2nc(C(F)(F)F)nc2n1,6.52,7.1647015
Cn1cc(CNCC2CCN(c3ncc(C(=O)NO)cn3)CC2)c2ccccc21,7.76,6.352221
CCN(CC)CCCC(C)Nc1ccnc2cc(Cl)ccc12,6.7,7.2505217
CCN(CC)CCCC(C)Nc1ccnc2cc(Cl)ccc12,6.9,7.2511306
CN(C)CCCNc1c2ccccc2nc2ccccc12,6.89,6.5632725
CC1=C[C@H](c2cc(O)c3c(=O)c4cccc(O)c4oc3c2O)[C@](C)(/C=C/c2cc(O)c3c(=O)c4cccc(O)c4oc3c2O)CC1,5.17,5.6844487
CCCCCCCCCCCC[n+]1c2c(n(CC(C)C)c1C)C(=O)c1ccccc1C2=O,6.44,8.133074
O=C(NO)c1ccccc1O,4.45,5.0703144
CCn1c(=O)n(-c2cccc(C(F)(F)F)c2)c2c3cc(-c4ccc(N)nc4)ccc3ncc21,6.69,6.9988422
Cn1c(=O)n(-c2cccc(C(F)(F)F)c2)c2c3cc(-c4ccc(N)cc4)ccc3ncc21,7.06,6.8941536
N#Cc1cccc(-c2ccc3ncc4[nH]c(=O)n(-c5cccc(C(F)(F)F)c5)c4c3c2)c1,5.55,6.2109365
NS(=O)(=O)c1ccc(-c2ccc3ncc4[nH]c(=O)n(-c5cccc(C(F)(F)F)c5)c4c3c2)cc1,5.63,6.154027
Nc1ccc(-c2ccc3ncc4[nH]c(=O)n(-c5ccc(C(F)(F)F)cc5)c4c3c2)cn1,6.24,6.4463987
Cn1c(=O)n(C2CC2)c2c3cc(-c4ccc(N)nc4)ccc3ncc21,6.06,6.117812
Cn1ccnc1/C=N/Nc1nncc2ccccc12,5.46,5.5572395
CCOc1c(Cl)cc(CNC(C)C(O)c2ccccc2)cc1OC,5.87,5.408727
COc1cccc(C(=O)NC(c2ccc(C)cc2)c2cc(Cl)c3cccnc3c2O)c1,6.03,6.373904
O=C(NC(c1ccccc1)c1ccc2cccnc2c1O)c1ccccc1,6.37,5.3496876
C=C(C)CCC(C)N1CCC(N2CCC(C(=O)NCCc3ccccc3)CC2)CC1,5.84,5.4616804
COc1ccc(Nc2nc(N/N=C/c3ccc(O)cc3)nc(Nc3ccc([N+](=O)[O-])cc3)n2)cc1,5.81,6.9936686
COc1ccc2c(c1)C1(Nc3ccccc3-c3nc4ccccc4n31)C(=O)N2,5.19,4.7939844
CCN(CC)CCCC(C)Nc1ccnc2cc(Cl)ccc12,7.57,7.2505217
O[C@@H](c1cc(C(F)(F)F)nc2c(C(F)(F)F)cccc12)[C@H]1CCCCN1,7.0,7.6284976
OC(CNC1CCCC1)Cn1c2ccccc2c2ccccc21,6.34,6.174113
Clc1ccc2/c(=N/c3ccc(-c4ccccc4)cc3)ccn(CCCN3CCCCC3)c2c1,7.28,6.8871536
Cc1cc(NC(=O)c2cccc(C(F)(F)F)c2)n(-c2nc(-c3ccc4c(c3)OCO4)cs2)n1,5.66,5.3709908
Cc1ccc(F)cc1NC(=O)c1cc(Cl)ccc1Nc1ccccc1,6.25,6.117508
COc1ccc2nc(C)cc(Nc3ccc(Cl)cc3)c2c1,5.93,5.290039
O=C(N1CC(CNc2ccc(F)cc2)C2(C1)CN(c1cc(F)cc(F)c1)C2)C(F)(F)c1ccc(O)c(C(F)(F)F)c1,5.38,5.650364
Oc1ccc(CN2CC(CNc3ccccc3)C3(C2)CN(c2ccccc2)C3)cc1,7.24,6.966888
Oc1ccc(CN2CC(CNc3ccccc3)C3(C2)CN(c2ccccc2)C3)cc1,7.18,6.9681053
N#Cc1c(C(F)(F)F)cc(NCc2ccccn2)n2c1nc1cc(Cl)c(Cl)cc12,5.61,5.9747777
Cn1c(=O)n(-c2cccc(C(F)(F)F)c2)c2c3cc(-c4cnc(N)nc4)ccc3ncc21,7.28,7.643714
O=c1[nH]c2cnc3ccc(-c4ccc5[nH]cnc5c4)cc3c2n1-c1cccc(C(F)(F)F)c1,6.46,6.6047373
O=c1[nH]c2cnc3ccccc3c2n1-c1cccc(C(F)(F)F)c1,5.13,5.178655
O=c1[nH]c2cnc3ccc(-c4ccccc4)cc3c2n1-c1cccc(C(F)(F)F)c1,4.74,5.657059
O=c1[nH]c2cnc3ccc(-c4ccc(O)cc4)cc3c2n1-c1cccc(C(F)(F)F)c1,5.83,6.087988
NC(=O)c1ccc(-c2ccc3ncc4[nH]c(=O)n(-c5cccc(C(F)(F)F)c5)c4c3c2)cc1,6.53,6.7152085
Cn1c(=O)n(-c2cccc(C(F)(F)F)c2)c2c3cc(-c4ccc(C(N)=O)cc4)ccc3ncc21,6.3,7.1957426
Cn1c(=O)n(-c2cccc(C(F)(F)F)c2)c2c3cc(-c4ccc(Cl)cc4)ccc3ncc21,5.73,5.8177443
O=c1[nH]c2cnc3ccc(-c4ccc(F)cc4)cc3c2n1-c1cccc(C(F)(F)F)c1,5.74,5.6053233
Cc1ccc(-c2ccc3ncc4c(c3c2)n(-c2cccc(C(F)(F)F)c2)c(=O)n4C)cc1,6.28,5.9263897
O=C1CC(O)(C(F)(F)C(F)(F)F)Oc2ccccc21,5.99,5.7112293
CCN(CC)CCNc1ncnc2c1[nH]c1ccc(Cl)cc12,6.43,6.048425
COc1cccc(C2(C)Nc3ccccc3-c3nc4ccccc4n32)c1,5.85,5.6454945
COc1ccc(-c2c(C)nn3c(N)c(C#N)cnc23)cc1OC,6.52,5.355774
CC(NCc1ccccc1)c1cc(Cl)ccc1O,6.3,6.2862577
Cc1c(C)n(CC(O)CNC2CCCCC2C)c2ccccc12,6.32,5.975082
CC(C)(C)N(Cc1cc(Nc2ccnc3cc(Cl)ccc23)cc(-c2no[n+]([O-])c2/C=N/O)c1)N=O,5.97,6.615845
COc1cccc(NC(=O)Cn2c(C)c(C#N)c3ccccc32)c1,5.9,5.786703
C[N+](C)(CCCNCc1ccc(-c2ccc(Cl)cc2Br)o1)Cc1ccccc1,5.32,6.208502
O=C(NC1CCN(Cc2ccccc2)CC1)c1cc(-c2ccncc2)nc2ccc(Cl)cc12,5.83,6.6341047
CCN1CCN(Cc2ccc(NC(=O)c3cc4ccc5cccnc5c4[nH]3)cc2)CC1,6.18,6.1700044
COc1ccc2nc(C)cc(Nc3ccccc3O)c2c1,5.96,5.2224784
CN1CCc2cccc3c2[C@H]1Cc1ccc(O)c(O)c1-3.CN1CCc2cccc3c2[C@H]1Cc1ccc(O)c(O)c1-3,6.43,5.517068
Fc1ccc(-c2nc3c(N4CCC(CN5CCOCC5)CC4)nccc3[nH]2)cc1F,5.89,7.110531
NC1CCN(c2nccc3[nH]c(-c4cccc(OC(F)(F)F)c4)nc23)CC1,6.11,6.4910707
COc1cc(CCN(C)CCCN(C)C(=O)[C@H](CCN(C)CCc2cc(OC)c(Br)cc2Br)N(C)C)c(Br)cc1Br,6.12,5.4367256
CN[C@@H](CCN(C)CCc1cc(OC)c(Br)cc1Br)C(=O)NCCCN(C)CCc1cc(OC)c(Br)cc1Br,5.72,6.00095
CC1CC(C)CN(C(=O)c2ccc(Cl)cc2Cl)C1,5.73,6.4836526
CC[C@H](C)[C@H](NC(=O)[C@H]([C@@H](C)CC)N(C)C(C)=O)C(=O)N[C@H](C(=O)N[C@@H](CC(C)C)C(=O)[C@@]1(C)CO1)[C@@H](C)O,9.15,8.326627
Clc1ccc(C(c2ccccc2)(c2ccc(CN3CCCC3)cc2)n2ccnc2)cc1,6.89,7.5061574
CC1(C)N=C(N)N=C(N)N1c1ccc(Cl)cc1,5.3,5.857916
Nc1ccc(-c2ccc3ncc4[nH]c(=O)n(C5CCCCC5)c4c3c2)cn1,5.54,5.9190855
Cc1c(CNC[C@@H]2CCCN3CCCC[C@H]23)cc(-c2ccccc2)n1Nc1ccnc2cc(Cl)ccc12,7.44,6.4881797
CN1CCC(c2cc(-c3ccncc3)c(-c3ccc(F)cc3)[nH]2)CC1,6.31,6.20135
CCN(CC)Cc1ccc(Nc2ccnc3cc(Cl)ccc23)cc1O,7.63,7.9273477
Cc1ccc(/C=C/C(=O)NCCCCNc2ccnc3cc(Cl)ccc23)cc1,7.96,7.6041512
Clc1ccc([C@@H]2[C@H](OCc3ccccc3)COCN2c2ccccc2)cc1,4.71,5.322298
CC(C)C[C@H]1C[C@@]2(CC[C@H]3C[C@@H]2C3(C)C)OC2=C1C(=O)C(C)(C)C(=O)C2(C)C,4.78,5.1409183
O=C(Nc1cccc(C(F)(F)F)c1)c1cc(Cl)ccc1O,5.96,5.3673387
CCN(CC)c1ccc(NC(=O)c2cccs2)cc1,6.29,5.531067
COc1ccc(-c2cn(CCCCc3cn(Cc4cnc(C)nc4N)nn3)nn2)cc1,4.36,4.1938486
Cc1ncc(Cn2cc(CCCC(=O)NO)nn2)c(N)n1,5.7,5.669841
Nc1ncc(-c2ccc(C(=O)N3CCC(O)CC3)cc2)nc1-c1ccc(C(F)(F)F)cc1,6.75,8.335148
Nc1ncc(-c2ccc(C(=O)N3CC(O)C3)cc2)nc1-c1ccc(C(F)(F)F)cc1,6.38,8.050297
CCN(CC)Cc1cc(C)cc(Nc2nc3ccccc3n2Cc2ccc(F)cc2)c1O,6.06,6.385697
CCNCc1cc(C)cc(Nc2nc3ccccc3n2Cc2ccc(C(F)(F)F)cc2)c1O,6.0,6.2167187
CCOc1cc(Cl)c(C(C)NC(=O)c2ccccc2)cc1OCC,6.08,5.073966
COc1ccc(-c2nonc2NC(=O)c2cccc(C)c2)cc1OC,6.04,5.279692
COc1ccccc1N1CCN(C(CNS(=O)(=O)c2ccc(Cl)cc2)c2cccnc2)CC1,6.04,5.5231547
O=C(CSc1ccc2nnc(-c3cccc(F)c3)n2n1)Nc1ccc2c(c1)OCO2,6.27,5.3113422
COc1ccc(C(=O)C2CC2c2ccc(Cl)cc2)cc1,5.48,5.0751834
OC(c1cc(C(F)(F)F)nc2c(C(F)(F)F)cccc12)C1CCCCN1,7.88,7.8956976
CSc1ccc2c(c1)C(N1CCN(C)CC1)Cc1ccccc1S2,4.9,5.1421356
CCN(CC)CCNc1ccc(CO)c2sc3ccccc3c(=O)c12,5.52,6.5939336
Cc1ccc(-c2cc3c(nn2)-c2ccccc2C3=O)cc1,5.9,5.661928
CCCC(c1nnnn1C1CCCCC1)N1CCN(C(=O)c2ccco2)CC1,6.29,5.362469
C[C@H]1[C@H](N2CCN(C(=O)Nc3ccc(C(F)(F)F)cc3)CC2)O[C@@H]2O[C@]3(C)CC[C@H]4[C@H](C)CC[C@@H]1[C@@]24OO3,9.22,8.544525
COc1ccc(-c2cn(C3CCCC3)c3ncnc(N)c23)cc1,5.01,5.14944
Nc1ncc(-c2ccc(C(=O)N3CCNCC3)cc2)nc1-c1ccc(C(F)(F)F)cc1,7.18,8.27063
Nc1ncnc2c1c(-c1ccc(Oc3ccccc3)cc1)cn2C1CCCC1,4.52,5.308299
Nc1ccc(-c2ccc3ncc4[nH]c(=O)n(-c5cccc(C(F)(F)F)c5)c4c3c2)cn1,7.01,6.7836823
CCNCCNc1cc(C2CCCCC2)c(C#N)c2nc3ccccc3n12,6.34,6.453429
Cn1cc(CNCC2CCN(c3ncc(C(=O)NO)cn3)CC2)c2ccccc21,7.63,6.351612
O=C(NO)c1cnc(N2CCC3(CCN(Cc4c[nH]c5ccccc45)C3)CC2)nc1,7.16,6.211393
Cc1ccc(NC(=O)CN(Cc2ccc(C(=O)NO)cc2)C(=O)c2ccc(N(C)C)cc2)cc1,5.23,7.7045794
C/C(=C\CSc1ccccc1C(=O)O)CCCC(C)CCCC(C)CCCC(C)C,4.87,5.0678797
COc1ccc(-c2cc(=O)oc3c4c(ccc23)OCN(Cc2ccc(F)cc2)C4)cc1,6.07,5.198132
Cc1cc(NCCN2CCCCC2)c2ccc3ccccc3c2n1,6.51,7.3217344
CCNCCNc1cc(-c2ccc(C(F)(F)F)cc2)c(C#N)c2nc3ccccc3n12,6.21,6.94315
CCN(CC)CCCC(C)Nc1c2ccc(Cl)cc2nc2ccc(OC)cc12,9.0,7.905436
O[Si](CCCN1CCCCC1)(c1ccc(F)cc1)C1CCCCC1,8.4,8.729557
CCCN(CCC)[C@H]1CCc2c(F)ccc(O)c2C1,8.3,6.022253
CCCc1nc2c(C)cc(-c3nc4ccccc4n3C)cc2n1Cc1ccc(-c2ccccc2C(=O)O)cc1,5.79,5.433682
N#CN/C(=N\CCNC(=O)c1ccc(N)cc1)NCCCOc1cccc(CN2CCCCC2)c1,4.83,5.888653
OC(c1cc(C(F)(F)F)nc2c(C(F)(F)F)cccc12)C1CCCCN1,7.9,7.8956976
C[C@@H]1CC[C@H]2[C@@H](C)C(=O)O[C@@H]3O[C@@]4(C)CC[C@@H]1[C@]32OO4,6.7,7.9772577
C[C@H]1[C@@H](O)O[C@@H]2O[C@@]3(C)CC[C@H]4[C@H](C)CC[C@@H]1[C@@]24OO3,9.22,8.795292
O=C1C(O)=C([C@H]2CC[C@H](c3ccc(Cl)cc3)CC2)C(=O)c2ccccc21,9.39,8.331495
CCNC(=O)N1CCN(CCCC(c2ccc(F)cc2)c2ccc(F)cc2)CC1,7.46,5.782442
FC(F)(F)c1nc(-c2ccc(CCN3CCC(Nc4nc5cnccc5[nH]4)CC3)cc2)no1,5.91,7.602934
Nc1ncc(-c2ccc3ncc4[nH]c(=O)n(-c5cccc(C(F)(F)F)c5)c4c3c2)cn1,6.35,6.779726
COc1cc(-c2nc(-c3ccccc3)c(-c3ccccc3)[nH]2)cc(OC)c1O,5.81,5.6807966
CCOC(=O)C1(Cc2ccccc2)CCN(Cc2cccc(OC)c2O)CC1,5.66,5.96717
CN(C)c1ccc(N2C(N)=NC(N)=NC2(C)C)cc1,6.8,6.0520773
c1ccc(-c2ccc(-c3nc4ccccc4[nH]3)cc2)cc1,5.7,5.0252733
FC(F)(F)c1cccc(CNC2CCN(CCc3ccccc3)CC2)c1,6.31,5.7501836
CCCN(CCC)CCCNC(=O)c1cc2c(-c3ccc(OC)c(OC)c3)nn(C)c2s1,5.94,5.769052
CCN(CC)CCCC(C)Nc1ccnc2cc(Cl)ccc12,7.66,7.2511306
CN[C@@H](CCN(C)CCc1cc(OC)c(Br)cc1Br)C(=O)N(C)CCCN(C)CCc1cc(OC)c(Br)cc1Br,6.24,6.015862
N#Cc1ccc(-c2ccc(CNCC3CCNCC3)o2)cc1,4.74,5.547501
Brc1ccc(-c2ccc(CNCC3CCNCC3)o2)cc1,5.36,5.5627174
Oc1ccccc1-c1ccc(CNCC2CCNCC2)o1,6.54,5.6223655
Clc1ccc(-c2ccc(CNCC3CCNCC3)s2)c(Br)c1,7.55,6.1981544
CN(C)CCCNCc1ccc(-c2ccc(Br)cc2Cl)o1,5.96,5.909956
CC[C@H](C)[C@H](NC(=O)[C@H]([C@@H](C)CC)N(C)C(C)=O)C(=O)N[C@H](C(=O)N[C@@H](CC(C)C)C(=O)[C@@]1(C)CO1)[C@@H](C)O,8.15,8.326627
CCC[n+]1c2c(n(CC(C)C)c1C)C(=O)c1ccccc1C2=O,6.07,8.67843
N[C@H](C(=O)N1CC(CNc2ccc(F)cc2)C2(C1)CN(c1cc(F)cc(F)c1)C2)c1ccc(O)cc1,7.57,5.6436687
CC(=O)N(C1=C(N2CCOCC2)C(=O)c2ccccc2C1=O)c1cccc(Cl)c1,6.1,5.745314
N=C(N)c1ccc(OCCCCCOc2ccc(C(=N)N)cc2)cc1.O=S(=O)(O)CCO,7.38,8.0807295
OC(c1cc(C(F)(F)F)nc2c(C(F)(F)F)cccc12)C1CCCCN1,7.85,7.8956976
CCCCCCCCCCCCCCCCn1cc(CSc2ccccc2C(=O)O)nn1,4.84,4.7830286
Cn1c(=O)n(-c2cccc(C(F)(F)F)c2)c2c3cc(-c4cnc5ccccc5c4)ccc3ncc21,5.28,5.661928
CS(=O)(=O)c1ccc(-c2ccc3ncc4[nH]c(=O)n(-c5cccc(C(F)(F)F)c5)c4c3c2)cc1,5.95,6.1299853
Cn1c(=O)n(-c2cccc(C(F)(F)F)c2)c2c3cc(-c4ccc(F)cc4)ccc3ncc21,5.25,5.889566
N#Cc1ccc(-n2c(=O)[nH]c3cnc4ccc(-c5ccc(N)nc5)cc4c32)cc1,6.32,6.443019
Cn1c(=O)n(-c2ccccc2)c2c3cc(-c4ccc(N)nc4)ccc3ncc21,6.66,7.130616
C[C@@H]1CC[C@H]2[C@@H](C)C(=O)O[C@@H]3O[C@@]4(C)CC[C@@H]1[C@]32OO4,7.92,7.9772577
Cn1c(=O)n(-c2cccc(C(F)(F)F)c2)c2c3cc(-c4cccnc4)ccc3ncc21,6.63,6.7979856
Cc1n(CC(C)C)c2c([n+]1C)C(=O)c1ccccc1C2=O,7.39,8.740513
CN[C@@H](CCN(C)CCc1cc(OC)c(Br)cc1Br)C(=O)N(C)CCCN(C)CCc1cc(OC)c(Br)cc1Br,6.07,6.015558
O=C(Cc1ccc(O)c(F)c1)N1CC(CNc2ccc(F)cc2)C2(C1)CN(c1ccc(F)cc1)C2,6.44,5.590107
NCCc1c[nH]cn1,6.18,4.6673837
CCc1nc(N)nc(N)c1-c1ccc(Cl)cc1,7.36,5.678362
N=C(N)c1ccc(OCc2ccccc2COc2ccc(C(=N)N)cc2)cc1,6.5,7.007059
O=C(Nc1cccc(C2=NCCN2)c1)Nc1cccc(C2=NCCN2)c1,6.48,5.400206
O=[N+]([O-])c1ccc(C=NNc2nc3ccccc3[nH]2)cc1,6.62,5.2949085
C[C@H]1[C@H](OC(=O)CCC(=O)O)O[C@@H]2O[C@@]3(C)CC[C@H]4[C@H](C)CC[C@@H]1[C@@]24OO3,8.52,8.426446
C[C@H]1[C@H](OC(=O)CCC(=O)O)O[C@@H]2O[C@@]3(C)CC[C@H]4[C@H](C)CC[C@@H]1[C@@]24OO3,6.97,8.426446
CSc1ccc2c(c1)C(N1CCN(C)CC1)Cc1ccccc1S2,5.0,5.1421356
N#Cc1c(C(F)(F)F)cc(NCc2ccc(OC(F)(F)F)cc2)n2c1nc1cc(Cl)c(Cl)cc12,6.68,5.998211
CCCCCC[n+]1c2c(n(CC(C)C)c1C)C(=O)c1ccccc1C2=O,6.26,8.376536
Brc1ccc(Nc2nc3ccccc3nc2Nc2ccc(Br)cc2)cc1,5.82,5.586455
C[C@H]1Cc2c([nH]c3cc(Cl)c(F)cc23)[C@@]2(N1)C(=O)Nc1ccc(Cl)cc12,9.07,8.889025
Fc1ccc(-c2ccc(CNCC3CCNCC3)o2)cc1,5.22,5.385598
N[C@H](C(=O)N1CC(CNc2ccc(F)cc2)C2(C1)CN(c1cc(F)cc(F)c1)C2)c1ccc(O)cc1,6.33,5.6430597
O=C(/C=C/c1cccc(F)c1)NCCCCNc1ccnc2cc(Cl)ccc12,7.96,7.273042
Cc1cc(C)cc(C(=O)N(CC(=O)NC2CCCCC2)Cc2ccc(C(=O)NO)cc2)c1,4.8,7.436162
Cn1c(=O)n(-c2cccc(C(F)(F)F)c2)c2c3cc(-c4ccc(S(N)(=O)=O)cc4)ccc3ncc21,6.09,6.484185
Cn1c(=O)n(-c2cccc(C(F)(F)F)c2)c2c3cc(-c4cccc(N)c4)ccc3ncc21,6.84,7.0454044
COc1cc(NC(C)CCCN)c2ncccc2c1,5.02,6.179895
COc1cc(NC(C)CCCN)c2ncccc2c1,5.88,6.179743
C1C2CC3CC1CC(C2)C31OOC12C1CC3CC(C1)CC2C3,9.72,7.179309
COc1cc(NC(C)CCCN)c2ncccc2c1,6.1,6.179895
Cc1c(F)c(N2CCNC(C)C2)cc2c1c(=O)c(C(=O)O)cn2C1CC1,5.0,5.13118
C=CC(=O)Nc1cccc([C@@H](CCc2ccc(OC)c(OC)c2)OC(=O)[C@@H]2CCCCN2C(=O)C(C)(C)CC)c1,5.85,5.134832
C=CC(=O)OCC(C)(C)C(=O)N1CCCC[C@H]1C(=O)O[C@H](CCc1ccc(OC)c(OC)c1)c1ccccc1,4.89,5.362469
N=C(N)c1ccc(OCc2ccc(COc3ccc(C(=N)N)cc3)cc2)cc1,6.94,7.0167975
CCN(CC)CCCC(C)Nc1ccnc2cc(Cl)ccc12,7.77,7.2511306
COc1cc(NC(C)CCCN)c2ncccc2c1,5.81,6.180199
CCN(CC)CCCC(C)Nc1ccnc2cc(Cl)ccc12,6.25,7.2511306
CCOc1ccc(-c2nonc2NC(=O)c2cccc(C)c2)cc1OCC,6.81,5.379512
C(=N/Nc1nncc2ccccc12)\c1c[nH]c2ccccc12,4.86,5.277866
Cc1[nH]c2ccccc2c1/C=N/Nc1nncc2ccccc12,4.91,5.0593586
Brc1ccc2cc(CNCC3CCNCC3)sc2c1,7.28,5.9762993
C[C@@H]1CC[C@H]2[C@@H](C)C(=O)O[C@@H]3O[C@@]4(C)CC[C@@H]1[C@]32OO4,8.0,7.9772577
C[C@@H]1C[C@H]2[C@@H]3CCC4=CC(=O)C=C[C@]4(C)[C@@]3(Cl)[C@@H](O)C[C@]2(C)[C@@]1(OC(=O)c1ccco1)C(=O)CCl,5.82,5.1409183
Cn1cc(CN2CC3(CCN(c4ncc(C(=O)NO)cn4)C3)C2)c2ccc(C#N)cc21,7.91,6.604585
Cc1ccc(Cn2c(N3CCC(C(=O)NCc4cccs4)CC3)nc3ccccc32)cc1,6.08,5.560891
C[C@H]1Cc2c([nH]c3cc(Cl)c(F)cc23)[C@@]2(N1)C(=O)Nc1ccc(Cl)cc12,8.41,8.889025
C[C@@H]1CC[C@H]2[C@@H](C)C(=O)O[C@@H]3O[C@@]4(C)CC[C@@H]1[C@]32OO4,7.76,7.9772577
O=C(Cc1ccc(O)cc1)N1CC(CNc2ccccc2)C2(C1)CN(c1ccccc1)C2,6.61,6.954715
C[C@@H](C(=O)N1CC(CNc2ccc(F)cc2)C2(C1)CN(c1cc(F)cc(F)c1)C2)c1ccc(O)cc1,7.77,5.8049626
C[C@H]1[C@H](OC(=O)CCC(=O)O)O[C@@H]2O[C@@]3(C)CC[C@H]4[C@H](C)CC[C@@H]1[C@@]24OO3,5.64,8.426446
Clc1ccccc1C(c1ccccc1)(c1ccccc1)n1ccnc1,6.31,6.2368045
O=C1C(O)=C([C@H]2CC[C@H](c3ccc(Cl)cc3)CC2)C(=O)c2ccccc21,4.62,8.331495
COc1ccc(C(O)(CCC(C)C)C(CN2CCOCC2)c2ccc(Cl)cc2)cc1,5.45,5.612627
NC1=NC(c2ccco2)NC(NCCCOc2ccc(Cl)cc2)=N1,6.0,5.1603956
C[C@H]1[C@H](N2CCN(S(=O)(=O)c3cccc(C(F)(F)F)c3)CC2)O[C@@H]2O[C@]3(C)CC[C@H]4[C@H](C)CC[C@@H]1[C@@]24OO3,9.4,8.363146
c1ccc(-c2ccc(CNCC3CCNCC3)o2)cc1,5.07,5.2748227
CSc1ccccc1C(=O)Nc1nc(-c2ccccn2)cs1,5.34,6.486924
C[C@H]1[C@H](OC(=O)CCC(=O)O)O[C@@H]2O[C@@]3(C)CC[C@H]4[C@H](C)CC[C@@H]1[C@@]24OO3,7.36,8.426446
OC(c1cc(C(F)(F)F)nc2c(C(F)(F)F)cccc12)C1CCCCN1,7.89,7.8956976
C[C@H]1[C@H](OC(=O)CCC(=O)O)O[C@@H]2O[C@@]3(C)CC[C@H]4[C@H](C)CC[C@@H]1[C@@]24OO3,8.52,8.426446
CN1CCC(=C2c3ccccc3C=Cc3ccccc32)CC1,5.1,4.835373
CCN(CC)CCCC(C)Nc1ccnc2cc(Cl)ccc12,7.29,7.2505217
CCc1nc(N)nc(N)c1-c1ccc(Cl)cc1,8.0,5.678362
CCc1nc(N)nc(N)c1-c1ccc(Cl)cc1,7.3,5.678971
CCN(CC)CCCC(C)Nc1ccnc2cc(Cl)ccc12,8.05,7.2505217
C[C@@H]1CC[C@H]2[C@@H](C)C(=O)O[C@@H]3O[C@@]4(C)CC[C@@H]1[C@]32OO4,8.01,7.9772577
CCN(CC)CCNc1ccnc2cc(Cl)ccc12,7.36,7.51407
N/C(=N\C(=O)c1nc(Cl)c(N)nc1N)NCc1ccccc1,6.66,5.6345387
C=C[C@H]1CN2CC[C@H]1C[C@H]2[C@H](O)c1ccnc2ccc(OC)cc12.C=C[C@H]1CN2CC[C@H]1C[C@H]2[C@H](O)c1ccnc2ccc(OC)cc12,6.55,6.996712
O=C(CCCCCCC(=O)Nc1ccccc1)NO,5.77,5.7240114
CC(=O)c1sc(NC(=O)Nc2ccc(C)cc2C)nc1C,5.7,4.688078
O=C(Nc1ccc(CN2CCOCC2)cc1)c1ccc(-c2ccc(Br)cc2)o1,6.02,5.5268064
C[C@H]1[C@H](OC(=O)CCC(=O)O)O[C@@H]2O[C@@]3(C)CC[C@H]4[C@H](C)CC[C@@H]1[C@@]24OO3,8.48,8.426446
COc1cc(NC(C)CCCN)c2ncccc2c1,5.68,6.179895
Cc1cc(Nc2ccc3ccccc3c2)n2ncnc2n1,6.81,6.635018
C[C@H]1[C@H](OC(=O)CCC(=O)O)O[C@@H]2O[C@@]3(C)CC[C@H]4[C@H](C)CC[C@@H]1[C@@]24OO3,9.17,8.426446
COc1ccc(C[C@H](N)C(=O)N[C@H]2[C@@H](O)[C@H](n3cnc4c(N(C)C)ncnc43)O[C@@H]2CO)cc1,7.21,7.280346
C[C@H]1Cc2c([nH]c3cc(Cl)c(F)cc23)[C@@]2(N1)C(=O)Nc1ccc(Cl)cc12,8.8,8.889025
C[C@@H]1CC[C@H]2[C@@H](C)C(=O)O[C@@H]3O[C@@]4(C)CC[C@@H]1[C@]32OO4,7.7,7.9772577
CC(/C=C/C(=O)NO)=C\[C@@H](C)C(=O)c1ccc(N(C)C)cc1,8.01,8.1452465
O=C(NO)c1ccccc1O,4.45,5.0703144
O=C(CCCCCCC(=O)NO)NO,5.65,6.8579383
OC(c1cc(C(F)(F)F)nc2c(C(F)(F)F)cccc12)C1CCCCN1,7.59,7.8956976
C[C@@H]1CC[C@H]2[C@@H](C)C(=O)O[C@@H]3O[C@@]4(C)CC[C@@H]1[C@]32OO4,7.91,7.9772577
CCN(CC)CCCC(C)Nc1ccnc2cc(Cl)ccc12,7.6,7.2505217
CCC[n+]1c2c(n(CC(C)C)c1C)C(=O)c1ccccc1C2=O,6.57,8.67843
Cc1n(CC(C)C)c2c([n+]1C1CC1)C(=O)c1ccccc1C2=O,6.86,8.403317
CCCC[n+]1c2c(n(CC(C)C)c1C)C(=O)c1ccccc1C2=O,6.56,8.425229
Cc1n(CC(C)C)c2c([n+]1CC(C)C)C(=O)c1ccccc1C2=O,6.09,8.453227
Cc1ccnc(NS(=O)(=O)c2ccc(N)cc2)n1,8.22,5.4756794
C[C@H]1Cc2c([nH]c3ccccc23)[C@@]2(N1)C(=O)Nc1ccc(Cl)cc12,7.41,7.340603
C[C@H]1Cc2c([nH]c3ccccc23)[C@@]2(N1)C(=O)Nc1ccc(Cl)cc12,6.96,7.3399944
FC(F)(F)c1noc(-c2ccc(CCN3CCC(Nc4nc5ccccc5[nH]4)CC3)cc2)n1,5.82,7.6936235
CC(C)(C)CC(C)(C)NCC(O)COc1ccc2c(c1)CCC2,5.76,5.4616804
CN1CCC(c2cc(-c3ccncc3)c(-c3ccc(F)cc3)[nH]2)CC1,6.31,6.2015023
O=C(NO)c1ccccc1O,4.29,5.0703144
CCN(CC)Cc1cc(-c2ccc(Cl)cc2)n(Nc2ccnc3cc(Cl)ccc23)c1C,7.58,7.26939
CCN(CC)CCCC(C)Nc1ccnc2cc(Cl)ccc12,6.64,7.2511306
Clc1ccc(C(c2ccccc2)(c2ccc(CN3CCCC3)cc2)n2ccnc2)cc1,7.23,7.5067663
Cc1n(C(C)C)c2c([n+]1C(C)C)C(=O)c1ccccc1C2=O,6.19,8.506788
N[C@H](C(=O)N1CC(CNc2ccc(F)cc2)C2(C1)CN(c1cc(F)cc(F)c1)C2)c1ccc(O)cc1,7.12,5.6436687
CN(C)c1ccc2nc3ccc(N(C)C)cc3[s+]c2c1,6.85,4.6113873
N#Cc1ccc2c(c1)N(CCCN1CCC(O)CC1)c1ccccc1S2,5.18,5.7538357
CN1CCC(=C2c3ccccc3C=Cc3ccccc32)CC1,5.5,4.835373
C[C@H]1[C@H](OC(=O)CCC(=O)O)O[C@@H]2O[C@@]3(C)CC[C@H]4[C@H](C)CC[C@@H]1[C@@]24OO3,8.22,8.426446
O=C(CCCCCCC(=O)Nc1ccccc1)NO,5.85,5.72462
Cc1cc(C)cc(C(=O)N(CC(=O)NC2CCCCC2)Cc2ccc(C(=O)NO)cc2)c1,5.08,7.436162
CCN(CC)CCCC(C)Nc1ccnc2cc(Cl)ccc12,4.22,7.2505217
CN1CCC(=C2c3ccccc3C=Cc3ccccc32)CC1,4.9,4.835373
CN1CCC(=C2c3ccccc3C=Cc3ccccc32)CC1,5.0,4.835373
C[C@@H]1CC[C@H]2[C@@H](C)C(=O)O[C@@H]3O[C@@]4(C)CC[C@@H]1[C@]32OO4,7.81,7.9772577
CCN(CC)CCCC(C)Nc1ccnc2cc(Cl)ccc12,7.64,7.2505217
CCCc1cc(O)c2c3c(c(=O)oc2c1)CN(C)CC3,5.59,5.197523
O=C(Nc1ccc(N2CCNCC2)cc1)c1ccn2ncc(-c3cccc(Cl)c3)c2n1,6.21,6.013123
CCCn1c(NC(=O)c2ccc3ccccc3n2)nc2ccccc21,6.25,5.6594934
Cc1cn2c(-c3ccnc(NCC4CC4)n3)c(-c3ccc(F)c(NS(C)(=O)=O)c3)nc2cc1CN(C)C,7.39,5.751401
O=C(/C=C/c1ccc(F)cc1)NCCCCNc1ccnc2cc(Cl)ccc12,7.96,7.4836373
O=C(/C=C/c1ccccc1[N+](=O)[O-])NCCCCNc1ccnc2cc(Cl)ccc12,7.96,7.459291
Clc1ccc2c(NCCNC3CCC4(CC3)OOC3(c5ccccc5)CC(c5ccccc5)=CC3O4)ccnc2c1,7.68,7.484246
CCCn1c2c([n+](C(C)C)c1C)C(=O)c1ccccc1C2=O,6.25,8.763641
CN(C)c1nc(N)c(C(=O)NC(=N)N)nc1Cl,5.96,4.7878976
CSc1ccc2c(c1)C(N1CCN(C)CC1)Cc1ccccc1S2,5.3,5.1421356
CCCCn1c2c([n+](CC)c1C)C(=O)c1ccccc1C2=O,6.49,8.686951
O=C(/C=C/c1cccc([N+](=O)[O-])c1)NCCCCNc1ccnc2cc(Cl)ccc12,7.96,7.519548
N=C(N)c1ccc(NC(=O)CCCCC(=O)Nc2ccc(C(=N)N)cc2)cc1,6.19,4.21576
O=C(/C=C/c1ccccc1)NCCCCNc1ccnc2cc(Cl)ccc12,7.96,7.152528
COc1ccc2nc3cc(Cl)ccc3c(Nc3cc(CN4CCCC4)c(O)c(CN4CCCC4)c3)c2n1,7.54,8.097772
Cc1cc(C)cc(C(=O)N(CC(=O)NC2CCCCC2)Cc2ccc(C(=O)NO)cc2)c1,5.28,7.4349446
O=C(CCCCCCC(=O)Nc1ccccc1)NO,6.09,5.7240114
C[C@H]1[C@H](OC(=O)CCC(=O)O)O[C@@H]2O[C@@]3(C)CC[C@H]4[C@H](C)CC[C@@H]1[C@@]24OO3,6.59,8.426446
CN(C)c1cc(NC(=O)Nc2ccccc2)c2ccccc2n1,5.5,6.1410933
Cc1n(C(C)C)c2c([n+]1C(C)C)C(=O)c1ccccc1C2=O,7.14,8.505571
O=C(NO)c1ccccc1O,4.29,5.0703144
O=C(CCCCCCC(=O)Nc1ccccc1)NO,5.77,5.7240114
C/C=C(\C=C(C)\C=C\C=C\C=C(/C)C(=O)[C@H]1C(=O)N[C@]2(O)CCO[C@H]12)C(=O)O,4.36,6.657386
CC(C)(C)c1ccc(NC(=O)NOCCCCCC(=O)NO)cc1,5.46,5.7075777
COc1ccc2nc3cc(Cl)ccc3c(Nc3cc(CN4CCCC4)c(O)c(CN4CCCC4)c3)c2n1,5.77,8.098989
O=C(CCCCCCC(=O)Nc1ccccc1)NO,5.55,5.7240114
CCCCCCCC[n+]1c2c(n(CC(C)C)c1C)C(=O)c1ccccc1C2=O,7.41,8.39723
CCCCCCCC[n+]1c2c(n(CC(C)C)c1C)C(=O)c1ccccc1C2=O,6.79,8.396013
NC(CCc1ccccc1)P(=O)(O)CC(Cc1ccccc1)C(=O)O,7.62,4.6430373
O=S(=O)([O-])C(F)(F)F.c1ccc2c(c1)[I+]c1ccccc1-2,6.89,6.79829
CCCn1c2c([n+](CC)c1C)C(=O)c1ccccc1C2=O,6.15,8.749034
CN1CCC(c2cc(-c3ccncc3)c(-c3ccc(F)cc3)[nH]2)CC1,5.89,6.201198
C[C@H]1[C@@H](O)O[C@@H]2O[C@@]3(C)CC[C@H]4[C@H](C)CC[C@@H]1[C@@]24OO3,8.7,8.795292
O=[N+]([O-])c1ccc(N2CCC(NCCC(O)c3ccc(F)c4ccccc34)CC2)c(C(F)(F)F)c1,5.75,6.6201057
COc1cc(NC(C)CCCN)c2ncccc2c1,6.4,6.179895
OC(CNC1CCCCC1)Cn1c2ccccc2c2ccccc21,6.56,6.3816266
CCN(CC)CCCC(C)Nc1ccnc2cc(Cl)ccc12,6.71,7.2505217
CCN(CC)CCCC(C)Nc1ccnc2cc(Cl)ccc12,8.09,7.2505217
CCCn1c2c([n+](CC)c1C)C(=O)c1ccccc1C2=O,6.41,8.750252
CCN(CC)CCCC(C)Nc1ccnc2cc(Cl)ccc12,6.9,7.2511306
CCCCn1c2c([n+](CC)c1C)C(=O)c1ccccc1C2=O,6.57,8.686951
CC/C=C\C/C=C\C/C=C\C/C=C\C/C=C\C/C=C\CCC(=O)O,4.85,8.708862
CCCn1c2c([n+](C(C)C)c1C)C(=O)c1ccccc1C2=O,6.79,8.763641
C[n+]1c2ccccc2cc2[n-]c3ccccc3c21,7.71,6.186438
