Molecule_ChEMBL_ID,Molecule_Name,Molecule Max Phase,Molecular Weight,#RO5 Violations,AlogP,Compound Key,Smiles,Standard Type,Standard Relation,Standard_Value,Standard Units,pChEMBL Value,Data Validity Comment,Comment,Uo Units,Potential Duplicate,Assay ChEMBL ID,BAO Label,Assay Cell Type,Document ChEMBL ID,Source ID,Source Description,Document Journal,Cell ChEMBL ID,Assay Description,Standardized_Strain,Unique_Chemicals,Unique_Strains,Final Count,Unnamed: 30,Unnamed: 31
CHEMBL5313643,,,351.52,0.0,4.69,1797787,c1ccc2c(CNCCC3CCN(c4ccncc4)CC3)csc2c1,IC50,'=',449.0,nM,6.347753659,,,UO_0000065,0,CHEMBL4888493,organism-based format,Erythrocyte,CHEMBL5308541,60, Malaria Hit Generation Library,ACS Med Chem Lett,CHEMBL3833281,"Re-testing in dose-response curve in 3D7 pLDH assay, at 72h",3D7,,,,,
CHEMBL2387268,,,503.68,1.0,3.56,"26, RKA 182",CN1CCN(C2CCN(C(=O)CC3CCC4(CC3)OOC3(OO4)C4CC5CC(C4)CC3C5)CC2)CC1,IC50,'=',1.9,nM,8.721246399,,,UO_0000065,0,CHEMBL2390438,organism-based format,,CHEMBL2385043,1,Scientific Literature,Bioorg Med Chem Lett,,Antiplasmodial activity against chloroquine-sensitive Plasmodium falciparum K1,K1,,,,,
CHEMBL5314195,,,305.44,0.0,2.43,1799283,CN(C)C1CCN(CCN[C@H]2CCc3ccc(F)cc32)CC1,IC50,'=',14800.0,nM,4.829738285,,,UO_0000065,0,CHEMBL4888493,organism-based format,Erythrocyte,CHEMBL5308541,60, Malaria Hit Generation Library,ACS Med Chem Lett,CHEMBL3833281,"Re-testing in dose-response curve in 3D7 pLDH assay, at 72h",3D7,,,,,
CHEMBL4161478,,,334.38,0.0,4.41,36,COc1cc(OC)cc(-c2nc3cc(OC)ccc3c3cc[nH]c23)c1,IC50,'=',1000.0,nM,6.0,,,UO_0000065,0,CHEMBL4150190,organism-based format,RBC,CHEMBL4145611,1,Scientific Literature,J Med Chem,,Antiplasmodial activity against chloroquine-sensitive blood parasite forms of Plasmodium falciparum 3D7 infected in RBC by SYBR green assay,3D7,,,,,
CHEMBL3416970,,,333.84,0.0,4.52,20,CC(C)(C)Nc1nc2cc(-c3ccc(Cl)cc3)sc2c(=O)[nH]1,IC50,'=',800.0,nM,6.096910013,,,UO_0000065,0,CHEMBL3419389,organism-based format,,CHEMBL3414541,1,Scientific Literature,Eur J Med Chem,,Antiplasmodial activity against multi-drug resistant Plasmodium falciparum K1 infected in human erythrocytes assessed as parasite growth inhibition after 72 hrs by SYBR Green I dye-based fluorescence assay,K1,,,,,
CHEMBL2334022,,,501.67,1.0,4.43,"Table S2, R10C1",C[C@@H](NC[C@@H](O)[C@H](Cc1ccccc1)NC(=O)c1ccc(CN2CCCCC2)c(O)c1)c1ccccc1,IC50,'=',7.8,nM,8.107905397,,,UO_0000065,0,CHEMBL2342731,organism-based format,,CHEMBL2331413,1,Scientific Literature,Bioorg Med Chem Lett,,Antimalarial activity against chloroquine-resistant Plasmodium falciparum K1 infected in RBC by [3H]hypoxanthine incorporation assay in presence of 50 % serum,K1,,,,,
CHEMBL4853103,,,305.34,0.0,0.45,23,CCCOc1nncc(-c2cnnc(OCCN(C)C)n2)n1,IC50,'=',23.0,nM,7.638272164,,,UO_0000065,0,CHEMBL4808507,organism-based format,,CHEMBL4808169,1,Scientific Literature,J Med Chem,,Antiplasmodial activity against Plasmodium falciparum Dd2 by 3H-incorporation growth inhibition assay,Dd2,,,,,
CHEMBL34804,,,357.46,0.0,4.36,7d,CN(C)Cc1ccc(Nc2c3ccc(N)cc3nc3cc(N)ccc23)cc1,IC50,'=',40.0,nM,7.397940009,,,UO_0000065,0,CHEMBL762989,organism-based format,,CHEMBL1127825,1,Scientific Literature,J Med Chem,,Inhibitory concentration IC50 against Plasmodium falciparum K1 by [3H]hypoxanthine uptake over 24 hr,K1,,,,,
CHEMBL1802544,,,451.5,1.0,5.8,4c,CCN(CC)CCNc1cc(-c2ccc(C(F)(F)F)cc2)c(C#N)c2nc3ccccc3n12,IC50,'=',47.0,nM,7.327902142,,,UO_0000065,0,CHEMBL1803233,organism-based format,,CHEMBL1799932,1,Scientific Literature,J Med Chem,,Antimalarial activity against multidrug-resistant Plasmodium falciparum K1 infected in human red blood cells assessed as 3H-hypoxanthine incorporation after 48 hrs by liquid scintillation counting,K1,,,,,
CHEMBL4528613,,,390.82,0.0,3.81,S51,COc1cc(/C=C/C(=O)OCC(=O)c2ccc(Cl)cc2)cc(OC)c1OC,IC50,'=',127900.0,nM,3.893129456,Outside typical range,,UO_0000065,0,CHEMBL4349242,organism-based format,,CHEMBL4346712,1,Scientific Literature,Eur J Med Chem,,Antiplasmodial activity against blood form of chloroquine-resistant/mefloquine-sensitive Plasmodium falciparum W2 by histidine rich protein assay,W2,,,,,
CHEMBL189740,,,283.42,0.0,4.46,3-meta,CCN(CC)CCCOc1cccc(-c2ccccc2)c1,IC50,'=',3.1,nM,8.508638306,,,UO_0000065,0,CHEMBL834282,organism-based format,,CHEMBL1139619,1,Scientific Literature,Bioorg Med Chem Lett,,In vitro inhibitory concentration against Plasmodium falciparum FCM29,FcM29,,,,,
CHEMBL361497,ARTESUNATE,4.0,384.43,0.0,2.6,Artesunate,C[C@H]1[C@H](OC(=O)CCC(=O)O)O[C@@H]2O[C@@]3(C)CC[C@H]4[C@H](C)CC[C@@H]1[C@@]24OO3,IC50,'=',3.0,nM,8.522878745,,,UO_0000065,0,CHEMBL4310137,organism-based format,,CHEMBL4308849,1,Scientific Literature,J Med Chem,,Antiplasmodial activity against Plasmodium falciparum K1 after 48 hrs by lactate dehydrogenase assay,K1,,,,,
CHEMBL5312746,,,341.54,0.0,3.51,1798925,CC1(N2CCC2)CCC(NC[C@H]2CCN(Cc3ccccc3)C2)CC1,IC50,'=',1630.0,nM,5.787812396,,,UO_0000065,0,CHEMBL4888493,organism-based format,Erythrocyte,CHEMBL5308541,60, Malaria Hit Generation Library,ACS Med Chem Lett,CHEMBL3833281,"Re-testing in dose-response curve in 3D7 pLDH assay, at 72h",3D7,,,,,
CHEMBL4086587,,,292.26,0.0,3.8,29,Cc1cc2nc(C(F)(F)F)cc(Nc3ccccc3)n2n1,IC50,'=',17100.0,nM,4.76700389,,,UO_0000065,0,CHEMBL4002741,cell-based format,,CHEMBL4002546,1,Scientific Literature,Eur J Med Chem,,Antiplasmodial activity against chloroquine-resistant Plasmodium falciparum W2 infected in human A+ erythrocytes assessed as inhibition of [3H]-hypoxanthine incorporation after 42 hrs by beta counting method,W2,,,,,
CHEMBL1082723,CIPARGAMIN,2.0,390.24,0.0,4.34,NITD609,C[C@H]1Cc2c([nH]c3cc(Cl)c(F)cc23)[C@@]2(N1)C(=O)Nc1ccc(Cl)cc12,IC50,'=',2.8,nM,8.552841969,,,UO_0000065,0,CHEMBL1248666,organism-based format,,CHEMBL1240532,1,Scientific Literature,Science,,Antimalarial activity against NITD678-resistant Plasmodium falciparum Dd2 Clone1 bearing P-type ATPase4 G223R mutations after 72 hrs by SYBR green based fluorescence assay,Dd2,,,,,
CHEMBL2237694,,,329.73,1.0,5.06,B16,O=C(/C=C/c1ccc(F)cc1F)c1cc2ccccc2nc1Cl,IC50,'=',1000.0,nM,6.0,,,UO_0000065,0,CHEMBL3063284,single protein format,,CHEMBL3046787,1,Scientific Literature,Med Chem Res,,Inhibition of Plasmodium falciparum W2,W2,,,,,
CHEMBL416958,,,315.38,0.0,3.88,7a,Nc1ccc(Nc2c3ccc(N)cc3nc3cc(N)ccc23)cc1,IC50,'=',25.0,nM,7.602059991,,,UO_0000065,0,CHEMBL762989,organism-based format,,CHEMBL1127825,1,Scientific Literature,J Med Chem,,Inhibitory concentration IC50 against Plasmodium falciparum K1 by [3H]hypoxanthine uptake over 24 hr,K1,,,,,
CHEMBL4104484,,,342.32,0.0,4.95,30,Cc1cc2nc(C(F)(F)F)cc(Nc3ccc4ccccc4c3)n2n1,IC50,'=',10000.0,nM,5.0,,,UO_0000065,0,CHEMBL4002741,cell-based format,,CHEMBL4002546,1,Scientific Literature,Eur J Med Chem,,Antiplasmodial activity against chloroquine-resistant Plasmodium falciparum W2 infected in human A+ erythrocytes assessed as inhibition of [3H]-hypoxanthine incorporation after 42 hrs by beta counting method,W2,,,,,
CHEMBL4874145,,,471.51,0.0,3.83,19f,CCc1cccc(CNC(=O)c2nc3cccc(COCc4ccc(C(=O)O)cc4)c3c(=O)[nH]2)c1,IC50,'=',33.0,nM,7.48148606,,,UO_0000065,0,CHEMBL4830629,organism-based format,,CHEMBL4828745,1,Scientific Literature,J Med Chem,,Antimalarial activity against wild type Plasmodium falciparum Dd2 assessed as inhibition of parasite growth incubated for 48 hrs by [3H]hypoxanthine incorporation assay based liquid scintillation counting method,Dd2,,,,,
CHEMBL4082183,,,342.32,0.0,4.95,19,Cc1cc(Nc2ccc3ccccc3c2)n2nc(C(F)(F)F)cc2n1,IC50,'=',1200.0,nM,5.920818754,,,UO_0000065,0,CHEMBL4002749,cell-based format,,CHEMBL4002546,1,Scientific Literature,Eur J Med Chem,,Antiplasmodial activity against chloroquine-resistant Plasmodium falciparum W2 infected in human A+ erythrocytes after 48 hrs by SYBR Green based fluorescence assay,W2,,,,,
CHEMBL4066836,,,352.32,0.0,3.82,28,COc1cc(Nc2cc(C(F)(F)F)nc3cc(C)nn23)cc(OC)c1,IC50,'=',8600.0,nM,5.065501549,,,UO_0000065,0,CHEMBL4002741,cell-based format,,CHEMBL4002546,1,Scientific Literature,Eur J Med Chem,,Antiplasmodial activity against chloroquine-resistant Plasmodium falciparum W2 infected in human A+ erythrocytes assessed as inhibition of [3H]-hypoxanthine incorporation after 42 hrs by beta counting method,W2,,,,,
CHEMBL307261,,,284.35,0.0,2.19,DHA,C[C@H]1[C@@H](O)O[C@@H]2O[C@@]3(C)CC[C@H]4[C@H](C)CC[C@@H]1[C@@]24OO3,IC50,'=',1.8,nM,8.744727495,,,UO_0000065,0,CHEMBL1658392,organism-based format,,CHEMBL1649312,1,Scientific Literature,Antimicrob Agents Chemother,,Antimalarial activity against Plasmodium falciparum IMT Guy assessed as inhibition of [3H] incorporation after 48 hrs by scintillation counter,IMT Guy,,,,,
CHEMBL307261,,,284.35,0.0,2.19,DHA,C[C@H]1[C@@H](O)O[C@@H]2O[C@@]3(C)CC[C@H]4[C@H](C)CC[C@@H]1[C@@]24OO3,IC50,'=',1.7,nM,8.769551079,,,UO_0000065,0,CHEMBL1658394,organism-based format,,CHEMBL1649312,1,Scientific Literature,Antimicrob Agents Chemother,,Antimalarial activity against Plasmodium falciparum IMT 31 assessed as inhibition of [3H] incorporation after 48 hrs by scintillation counter,IMT 31,,,,,
CHEMBL4169796,,,389.46,1.0,5.74,50,COc1ccc2c(c1)nc(-c1ccc(NC(=O)OC(C)(C)C)cc1)c1[nH]ccc12,IC50,'=',39.0,nM,7.408935393,,,UO_0000065,0,CHEMBL4150190,organism-based format,RBC,CHEMBL4145611,1,Scientific Literature,J Med Chem,,Antiplasmodial activity against chloroquine-sensitive blood parasite forms of Plasmodium falciparum 3D7 infected in RBC by SYBR green assay,3D7,,,,,
CHEMBL4642585,,,460.99,1.0,5.19,44b,O=C(CSc1nnc(Cc2ccccc2)n1-c1ccc(Cl)cc1)N1CCc2ccccc21,IC50,'=',48780.0,nM,4.311758204,,,UO_0000065,0,CHEMBL4610151,organism-based format,,CHEMBL4609974,1,Scientific Literature,Eur J Med Chem,,Antimalarial activity against chloroquine-resistant Plasmodium falciparum W2,W2,,,,,
CHEMBL307261,,,284.35,0.0,2.19,DHA,C[C@H]1[C@@H](O)O[C@@H]2O[C@@]3(C)CC[C@H]4[C@H](C)CC[C@@H]1[C@@]24OO3,IC50,'=',1.6,nM,8.795880017,,,UO_0000065,0,CHEMBL1654529,organism-based format,,CHEMBL1649312,1,Scientific Literature,Antimicrob Agents Chemother,,Antimalarial activity against Plasmodium falciparum IMT 10336 harboring Pfcrt Q271E mutant gene and Ppcrt I371R mutant gene assessed as incorporation of [3]H hypoxanthine after 48 hrs by scintillation counter,IMT 10336,,,,,
CHEMBL1213687,,,1066.4,,,1,CCCCNC(=O)C[C@H](O)[C@H](CC(C)C)NC(=O)[C@@H](NC(=O)c1ccc(Oc2ccc(C(=O)N[C@@H](CC(C)C)C(=O)N[C@@H](CCCCN)C(=O)NCCCC(C)Nc3cc(OC)cc4cccnc34)cc2)cc1)[C@@H](C)CC,IC50,'=',400.0,nM,6.397940009,,,UO_0000065,0,CHEMBL2072164,organism-based format,,CHEMBL2069175,1,Scientific Literature,Bioorg Med Chem Lett,,Antiplasmodial activity against chloroquine-sensitive Plasmodium falciparum D10,D10,,,,,
CHEMBL5411717,,,654.69,2.0,8.14,106,CC1=C(CN2CCCCC2C(O)c2cc(C(F)(F)F)nc3c(C(F)(F)F)cccc23)[C@@H]2C[C@@H](C)C[C@@H]3C[C@]4(C)CC[C@@H](O1)[C@@]32OO4,IC50,'=',2.4,nM,8.619788758,,,UO_0000065,0,CHEMBL5329412,organism-based format,,CHEMBL5329153,1,Scientific Literature,RSC Med Chem,,Antimalarial activity against mefloquine resistant Plasmodium falciparum Thai assessed as parasitic growth inhibition measured after 48 hrs,Thai,,,,,
CHEMBL5400440,,,838.76,2.0,8.47,107,C[C@H]1C[C@@H]2C[C@@H]3CC[C@H]4OC(C(F)(F)F)=C(COCCOC(=O)CCC(=O)OC(c5cc(C(F)(F)F)nc6c(C(F)(F)F)cccc56)C5CCCCN5)[C@H](C1)[C@]24OO3,IC50,'=',2.4,nM,8.619788758,,,UO_0000065,0,CHEMBL5329414,organism-based format,,CHEMBL5329153,1,Scientific Literature,RSC Med Chem,,Antimalarial activity against mefloquine resistant Plasmodium falciparum K1 assessed as parasitic growth inhibition measured after 48 hrs,K1,,,,,
CHEMBL5314195,,,305.44,0.0,2.43,1799283,CN(C)C1CCN(CCN[C@H]2CCc3ccc(F)cc32)CC1,IC50,'=',14800.0,nM,4.829738285,,,UO_0000065,0,CHEMBL4888493,organism-based format,Erythrocyte,CHEMBL5308541,60, Malaria Hit Generation Library,ACS Med Chem Lett,CHEMBL3833281,"Re-testing in dose-response curve in 3D7 pLDH assay, at 72h",3D7,,,,,
CHEMBL4634462,,,426.55,0.0,4.54,44a,O=C(CSc1nnc(Cc2ccccc2)n1-c1ccccc1)N1CCc2ccccc21,IC50,'=',4590.0,nM,5.338187314,,,UO_0000065,0,CHEMBL4610154,organism-based format,,CHEMBL4609974,1,Scientific Literature,Eur J Med Chem,,Antimalarial activity against chloroquine-sensitive Plasmodium falciparum W2,W2,,,,,
CHEMBL5313530,,,370.59,0.0,2.8,1797951,CN1CCN(CCCCNC2CC3CCC(C2)N3Cc2ccccc2)CC1,IC50,'=',3020.0,nM,5.519993057,,,UO_0000065,0,CHEMBL4888489,organism-based format,Erythrocyte,CHEMBL5308541,60, Malaria Hit Generation Library,ACS Med Chem Lett,CHEMBL3833281,"Hit confirmation in dose-response curve in NF54 pLDH assay, at 72h",NF54,,,,,
CHEMBL4164473,,,308.77,1.0,5.05,43,COc1ccc2c(c1)nc(-c1ccc(Cl)cc1)c1[nH]ccc12,IC50,'=',600.0,nM,6.22184875,,,UO_0000065,0,CHEMBL4150190,organism-based format,RBC,CHEMBL4145611,1,Scientific Literature,J Med Chem,,Antiplasmodial activity against chloroquine-sensitive blood parasite forms of Plasmodium falciparum 3D7 infected in RBC by SYBR green assay,3D7,,,,,
CHEMBL463652,GLYCOCITRINE-IV,,355.39,0.0,3.33,3,COc1c(O)c(CC=C(C)C)c(O)c2c(=O)c3cccc(O)c3n(C)c12,IC50,'=',2500.0,nM,5.602059991,,,UO_0000065,0,CHEMBL949594,organism-based format,,CHEMBL1156343,1,Scientific Literature,J Nat Prod,,Antiplasmodial activity after 24 hrs against chloroquine-sensitive Plasmodium falciparum Nigerian by [3H]hypoxanthine uptake,Nigerian,,,,,
CHEMBL269671,,,282.34,0.0,2.39,Artemisinin,C[C@@H]1CC[C@H]2[C@@H](C)C(=O)O[C@@H]3O[C@@]4(C)CC[C@@H]1[C@]32OO4,IC50,'=',42.8,nM,7.368556231,,,UO_0000065,0,CHEMBL1676421,organism-based format,,CHEMBL1671705,1,Scientific Literature,Antimicrob Agents Chemother,,Antimalarial activity against Plasmodium falciparum D10 harboring pfATP6 L263 mutant assessed as inhibition of [3H]hypoxanthine incorporation,D10,,,,,
CHEMBL303933,PIPERAQUINE,3.0,535.52,2.0,5.42,PPQ,Clc1ccc2c(N3CCN(CCCN4CCN(c5ccnc6cc(Cl)ccc56)CC4)CC3)ccnc2c1,IC50,'=',58.0,nM,7.236572006,,,UO_0000065,0,CHEMBL1658407,organism-based format,,CHEMBL1649312,1,Scientific Literature,Antimicrob Agents Chemother,,Antimalarial activity against Plasmodium falciparum D6 harboring Ppcrt I371R mutant gene assessed as incorporation of [3]H hypoxanthine after 48 hrs by scintillation counter,D6,,,,,
CHEMBL37404,,,343.43,0.0,4.36,7c,CN(C)c1ccc(Nc2c3ccc(N)cc3nc3cc(N)ccc23)cc1,IC50,'=',34.0,nM,7.468521083,,,UO_0000065,0,CHEMBL762989,organism-based format,,CHEMBL1127825,1,Scientific Literature,J Med Chem,,Inhibitory concentration IC50 against Plasmodium falciparum K1 by [3H]hypoxanthine uptake over 24 hr,K1,,,,,
CHEMBL2113926,,,433.51,1.0,5.26,OSM-S-09,CC(=O)N(C1=NC(=O)/C(=C/c2cc(C)n(-c3ccc(F)cc3)c2C)S1)c1ccccc1,IC50,'=',47.0,nM,7.327902142,,,UO_0000065,0,CHEMBL2114000,organism-based format,,CHEMBL2113921,23,Open Source Malaria Screening,,,OSM: Inhibition of Plasmodium falciparum 3D7 growth. IC50 values determined from 21 point dose response curves. Avery Group Griffith.,3D7,,,,,
CHEMBL586213,,,497.4,1.0,6.27,"1, TCMDC-139046",COc1cc2c(cc1C(F)(F)F)N(C(=O)Nc1cc(OC(F)(F)F)cc(-c3cccnc3)c1)CC2,IC50,'=',80.0,nM,7.096910013,,,UO_0000065,0,CHEMBL2173026,organism-based format,,CHEMBL2169755,1,Scientific Literature,ACS Med Chem Lett,,Antiplasmodial activity against Plasmodium falciparum 3D7A assessed as inhibition of [3H]hypoxanthine incorporation after 48 hrs by beta scintillation counting,3D7A,,,,,
CHEMBL303933,PIPERAQUINE,3.0,535.52,2.0,5.42,PPQ,Clc1ccc2c(N3CCN(CCCN4CCN(c5ccnc6cc(Cl)ccc56)CC4)CC3)ccnc2c1,IC50,'=',61.0,nM,7.214670165,,,UO_0000065,0,CHEMBL1658401,organism-based format,,CHEMBL1649312,1,Scientific Literature,Antimicrob Agents Chemother,,Antimalarial activity against Plasmodium falciparum IMT K14 assessed as inhibition of [3H] incorporation after 48 hrs by scintillation counter,IMT K14,,,,,
CHEMBL4853103,,,305.34,0.0,0.45,23,CCCOc1nncc(-c2cnnc(OCCN(C)C)n2)n1,IC50,'=',23.0,nM,7.638272164,,,UO_0000065,0,CHEMBL4808511,organism-based format,,CHEMBL4808169,1,Scientific Literature,J Med Chem,,Antiplasmodial activity against Plasmodium falciparum Dd2 (GNF156) by 3H-incorporation growth inhibition assay,Dd2,,,,,
CHEMBL2334368,,,669.96,2.0,5.78,50a,CCCN(CCC)Cc1cc(C2CCC(NC[C@@H](O)[C@H](Cc3ccccc3)NC(=O)c3ccc(N4CCN(C)CC4)cc3)CC2)ccc1O,IC50,'=',19.0,nM,7.721246399,,,UO_0000065,0,CHEMBL2342739,organism-based format,,CHEMBL2331413,1,Scientific Literature,Bioorg Med Chem Lett,,Antimalarial activity against chloroquine-sensitive Plasmodium falciparum NF54 infected in RBC after 48 hrs by [3H]hypoxanthine incorporation assay in presence of 0.5 % albumax,NF54,,,,,
CHEMBL303933,PIPERAQUINE,3.0,535.52,2.0,5.42,PQ,Clc1ccc2c(N3CCN(CCCN4CCN(c5ccnc6cc(Cl)ccc56)CC4)CC3)ccnc2c1,IC50,'=',69.0,nM,7.161150909,,,UO_0000065,0,CHEMBL1658390,organism-based format,,CHEMBL1649312,1,Scientific Literature,Antimicrob Agents Chemother,,Antimalarial activity against Plasmodium falciparum 106/1 assessed as inhibition of [3H] incorporation after 48 hrs by scintillation counter,106/1,,,,,
CHEMBL5313643,,,351.52,0.0,4.69,1797787,c1ccc2c(CNCCC3CCN(c4ccncc4)CC3)csc2c1,IC50,'=',449.0,nM,6.347753659,,,UO_0000065,0,CHEMBL4888493,organism-based format,Erythrocyte,CHEMBL5308541,60, Malaria Hit Generation Library,ACS Med Chem Lett,CHEMBL3833281,"Re-testing in dose-response curve in 3D7 pLDH assay, at 72h",3D7,,,,,
CHEMBL307261,,,284.35,0.0,2.19,DHA,C[C@H]1[C@@H](O)O[C@@H]2O[C@@]3(C)CC[C@H]4[C@H](C)CC[C@@H]1[C@@]24OO3,IC50,'=',1.4,nM,8.853871964,,,UO_0000065,0,CHEMBL1658388,organism-based format,,CHEMBL1649312,1,Scientific Literature,Antimicrob Agents Chemother,,Antimalarial activity against Plasmodium falciparum PA assessed as inhibition of [3H] incorporation after 48 hrs by scintillation counter,PA,,,,,
CHEMBL303933,PIPERAQUINE,3.0,535.52,2.0,5.42,PPQ,Clc1ccc2c(N3CCN(CCCN4CCN(c5ccnc6cc(Cl)ccc56)CC4)CC3)ccnc2c1,IC50,'=',98.0,nM,7.008773924,,,UO_0000065,0,CHEMBL1658386,organism-based format,,CHEMBL1649312,1,Scientific Literature,Antimicrob Agents Chemother,,Antimalarial activity against Plasmodium falciparum FCM29 assessed as inhibition of [3H] incorporation after 48 hrs by scintillation counter,FcM29,,,,,
CHEMBL307261,,,284.35,0.0,2.19,"1, DHA",C[C@H]1[C@@H](O)O[C@@H]2O[C@@]3(C)CC[C@H]4[C@H](C)CC[C@@H]1[C@@]24OO3,IC50,'=',0.4,nM,9.397940009,,,UO_0000065,0,CHEMBL1654530,organism-based format,,CHEMBL1649312,1,Scientific Literature,Antimicrob Agents Chemother,,"Antimalarial activity against Plasmodium falciparum IMT 10354 harboring Ppcrt M74I, N75E, K76T, A220S mutant gene, Pmdr1 D1246Y mutant gene assessed as incorporation of [3]H hypoxanthine after 48 hrs by scintillation counter",IMT 10354,,,,,
CHEMBL307261,,,284.35,0.0,2.19,"1, DHA",C[C@H]1[C@@H](O)O[C@@H]2O[C@@]3(C)CC[C@H]4[C@H](C)CC[C@@H]1[C@@]24OO3,IC50,'=',1.2,nM,8.920818754,,,UO_0000065,0,CHEMBL1658405,organism-based format,,CHEMBL1649312,1,Scientific Literature,Antimicrob Agents Chemother,,Antimalarial activity against Plasmodium falciparum IMT Vol assessed as inhibition of [3H] incorporation after 48 hrs by scintillation counter,IMT Vol,,,,,
CHEMBL4102085,,,288.35,0.0,4.24,25,Cc1cc(Nc2ccc3ccccc3c2)n2nc(C)cc2n1,IC50,'=',5100.0,nM,5.292429824,,,UO_0000065,0,CHEMBL4002749,cell-based format,,CHEMBL4002546,1,Scientific Literature,Eur J Med Chem,,Antiplasmodial activity against chloroquine-resistant Plasmodium falciparum W2 infected in human A+ erythrocytes after 48 hrs by SYBR Green based fluorescence assay,W2,,,,,
CHEMBL5313530,,,370.59,0.0,2.8,1797951,CN1CCN(CCCCNC2CC3CCC(C2)N3Cc2ccccc2)CC1,IC50,'=',1080.0,nM,5.966576245,,,UO_0000065,0,CHEMBL4888493,organism-based format,Erythrocyte,CHEMBL5308541,60, Malaria Hit Generation Library,ACS Med Chem Lett,CHEMBL3833281,"Re-testing in dose-response curve in 3D7 pLDH assay, at 72h",3D7,,,,,
CHEMBL303933,PIPERAQUINE,3.0,535.52,2.0,5.42,PPQ,Clc1ccc2c(N3CCN(CCCN4CCN(c5ccnc6cc(Cl)ccc56)CC4)CC3)ccnc2c1,IC50,'=',37.0,nM,7.431798276,,,UO_0000065,0,CHEMBL1654537,organism-based format,,CHEMBL1649312,1,Scientific Literature,Antimicrob Agents Chemother,,"Antimalarial activity against Plasmodium falciparum IMT Vol harboring Ppcrt M74I, N75E, K76T, A220S, Q271E, N326S mutant gene, Pmdr1 N86Y mutant gene and Pfmrp H191Y and S437A mutant gene assessed as incorporation of [3]H hypoxanthine after 48 hrs by scintillation counter",IMT Vol,,,,,
CHEMBL3828604,,,343.31,0.0,4.35,10,Cc1cc(Nc2ccc3ccccc3c2)n2nc(C(F)(F)F)nc2n1,IC50,'=',23.0,nM,7.638272164,,,UO_0000065,0,CHEMBL4002742,cell-based format,,CHEMBL4002546,1,Scientific Literature,Eur J Med Chem,,Antiplasmodial activity against chloroquine-resistant Plasmodium falciparum W2 infected in human A+ erythrocytes by HRP2 detection based ELISA,W2,,,,,
CHEMBL64,ISONIAZID,4.0,137.14,0.0,-0.31,INH,NNC(=O)c1ccncc1,IC50,'=',1200000.0,nM,2.920818754,Outside typical range,,UO_0000065,0,CHEMBL936742,organism-based format,,CHEMBL1145507,1,Scientific Literature,J Biol Chem,,Antimalarial activity against Plasmodium falciparum 3D7 expressing katG,3D7,,,,,
CHEMBL307261,,,284.35,0.0,2.19,DHA,C[C@H]1[C@@H](O)O[C@@H]2O[C@@]3(C)CC[C@H]4[C@H](C)CC[C@@H]1[C@@]24OO3,IC50,'=',1.4,nM,8.853871964,,,UO_0000065,0,CHEMBL1658391,organism-based format,,CHEMBL1649312,1,Scientific Literature,Antimicrob Agents Chemother,,Antimalarial activity against Plasmodium falciparum IMT Bres assessed as inhibition of [3H] incorporation after 48 hrs by scintillation counter,IMT Bres,,,,,
CHEMBL591637,,,327.43,0.0,4.18,2,CSc1ccccc1C(=O)Nc1nc(-c2ccccn2)cs1,IC50,'=',200.0,nM,6.698970004,,,UO_0000065,0,CHEMBL3366915,organism-based format,,CHEMBL3297686,1,Scientific Literature,J Med Chem,,Antiplasmodium activity against blood stage Plasmodium falciparum 3D7 assessed as reduction in parasite growth after 72 hrs by SYBR green assay,3D7,,,,,
CHEMBL307261,,,284.35,0.0,2.19,DHA,C[C@H]1[C@@H](O)O[C@@H]2O[C@@]3(C)CC[C@H]4[C@H](C)CC[C@@H]1[C@@]24OO3,IC50,'=',3.4,nM,8.468521083,,,UO_0000065,0,CHEMBL1654535,organism-based format,,CHEMBL1649312,1,Scientific Literature,Antimicrob Agents Chemother,,"Antimalarial activity against Plasmodium falciparum IMT K4 harboring Ppcrt M74I, N75E, K76T, A220S, Q271E, N326S mutant gene, Pmdr1 S1034C, N1042D mutant gene and Pfmrp H191Y and S437A mutant gene assessed as incorporation of [3]H hypoxanthine after 48 hrs by scintillation counter",IMT K4,,,,,
CHEMBL303933,PIPERAQUINE,3.0,535.52,2.0,5.42,PPQ,Clc1ccc2c(N3CCN(CCCN4CCN(c5ccnc6cc(Cl)ccc56)CC4)CC3)ccnc2c1,IC50,'=',47.0,nM,7.327902142,,,UO_0000065,0,CHEMBL1654536,organism-based format,,CHEMBL1649312,1,Scientific Literature,Antimicrob Agents Chemother,,"Antimalarial activity against Plasmodium falciparum IMT L1 harboring Ppcrt M74I, N75E, K76T, A220S, Q271E mutant gene, Pmdr1 N86Y mutant gene and Pfmrp H191Y and S437A mutant gene assessed as incorporation of [3]H hypoxanthine after 48 hrs by scintillation counter",IMTL1,,,,,
CHEMBL303933,PIPERAQUINE,3.0,535.52,2.0,5.42,PPQ,Clc1ccc2c(N3CCN(CCCN4CCN(c5ccnc6cc(Cl)ccc56)CC4)CC3)ccnc2c1,IC50,'=',80.0,nM,7.096910013,,,UO_0000065,0,CHEMBL1658410,organism-based format,,CHEMBL1649312,1,Scientific Literature,Antimicrob Agents Chemother,,"Antimalarial activity against Plasmodium falciparum PA harboring Ppcrt M74I, N75E, K76T, A220S, Q271E, N326S and I356T mutant gene, Pmdr1 N86Y mutant gene and Pfmrp H191Y and S437A mutant gene assessed as incorporation of [3]H hypoxanthine after 48 hrs by scintillation counter",PA,,,,,
CHEMBL307261,,,284.35,0.0,2.19,DHA,C[C@H]1[C@@H](O)O[C@@H]2O[C@@]3(C)CC[C@H]4[C@H](C)CC[C@@H]1[C@@]24OO3,IC50,'=',1.7,nM,8.769551079,,,UO_0000065,0,CHEMBL1658395,organism-based format,,CHEMBL1649312,1,Scientific Literature,Antimicrob Agents Chemother,,Antimalarial activity against Plasmodium falciparum IMT 8425 assessed as inhibition of [3H] incorporation after 48 hrs by scintillation counter,IMT 8425,,,,,
CHEMBL307261,,,284.35,0.0,2.19,DHA,C[C@H]1[C@@H](O)O[C@@H]2O[C@@]3(C)CC[C@H]4[C@H](C)CC[C@@H]1[C@@]24OO3,IC50,'=',2.1,nM,8.677780705,,,UO_0000065,0,CHEMBL1654533,organism-based format,,CHEMBL1649312,1,Scientific Literature,Antimicrob Agents Chemother,,"Antimalarial activity against Plasmodium falciparum IMT K14 harboring Ppcrt M74I, N75E, K76T, A220S, Q271E, N326S mutant gene, Pmdr1 Y184F, S1034C, N1042D, D1246Y mutant gene and Pfmrp H191Y and S437A mutant gene assessed as incorporation of [3]H hypoxanthine after 48 hrs by scintillation counter",IMT K14,,,,,
CHEMBL303933,PIPERAQUINE,3.0,535.52,2.0,5.42,PPQ,Clc1ccc2c(N3CCN(CCCN4CCN(c5ccnc6cc(Cl)ccc56)CC4)CC3)ccnc2c1,IC50,'=',81.0,nM,7.091514981,,,UO_0000065,0,CHEMBL1658399,organism-based format,,CHEMBL1649312,1,Scientific Literature,Antimicrob Agents Chemother,,Antimalarial activity against Plasmodium falciparum IMT 10500 assessed as inhibition of [3H] incorporation after 48 hrs by scintillation counter,IMT10500,,,,,
CHEMBL307261,,,284.35,0.0,2.19,DHA,C[C@H]1[C@@H](O)O[C@@H]2O[C@@]3(C)CC[C@H]4[C@H](C)CC[C@@H]1[C@@]24OO3,IC50,'=',1.1,nM,8.958607315,,,UO_0000065,0,CHEMBL1658400,organism-based format,,CHEMBL1649312,1,Scientific Literature,Antimicrob Agents Chemother,,Antimalarial activity against Plasmodium falciparum IMT 16332 assessed as inhibition of [3H] incorporation after 48 hrs by scintillation counter,IMT 16332,,,,,
CHEMBL303933,PIPERAQUINE,3.0,535.52,2.0,5.42,PPQ,Clc1ccc2c(N3CCN(CCCN4CCN(c5ccnc6cc(Cl)ccc56)CC4)CC3)ccnc2c1,IC50,'=',64.0,nM,7.193820026,,,UO_0000065,0,CHEMBL1654535,organism-based format,,CHEMBL1649312,1,Scientific Literature,Antimicrob Agents Chemother,,"Antimalarial activity against Plasmodium falciparum IMT K4 harboring Ppcrt M74I, N75E, K76T, A220S, Q271E, N326S mutant gene, Pmdr1 S1034C, N1042D mutant gene and Pfmrp H191Y and S437A mutant gene assessed as incorporation of [3]H hypoxanthine after 48 hrs by scintillation counter",IMT K4,,,,,
CHEMBL303933,PIPERAQUINE,3.0,535.52,2.0,5.42,PPQ,Clc1ccc2c(N3CCN(CCCN4CCN(c5ccnc6cc(Cl)ccc56)CC4)CC3)ccnc2c1,IC50,'=',44.0,nM,7.356547324,,,UO_0000065,0,CHEMBL1658518,organism-based format,,CHEMBL1649312,1,Scientific Literature,Antimicrob Agents Chemother,,Antimalarial activity against Plasmodium falciparum IMT 8425 harboring Ppcrt I371R mutant gene and Pfnhe-1 ms4760 microsatellite mutant assessed as incorporation of [3]H hypoxanthine after 48 hrs by scintillation counter,IMT 8425,,,,,
CHEMBL361497,ARTESUNATE,4.0,384.43,0.0,2.6,Artesunate,C[C@H]1[C@H](OC(=O)CCC(=O)O)O[C@@H]2O[C@@]3(C)CC[C@H]4[C@H](C)CC[C@@H]1[C@@]24OO3,IC50,'=',194.0,nM,6.71219827,,,UO_0000065,0,CHEMBL4310136,organism-based format,,CHEMBL4308849,1,Scientific Literature,J Med Chem,,Antiplasmodial activity against Plasmodium falciparum NF54 after 48 hrs by lactate dehydrogenase assay,NF54,,,,,
CHEMBL4165730,,,254.33,0.0,3.92,32,COc1ccc2c(c1)nc(CC(C)C)c1[nH]ccc12,IC50,'=',500.0,nM,6.301029996,,,UO_0000065,0,CHEMBL4150194,organism-based format,RBC,CHEMBL4145611,1,Scientific Literature,J Med Chem,,Antiplasmodial activity against chloroquine-sensitive ring form of Plasmodium falciparum 3D7 infected in RBC after 72 hrs by SYBR green assay,3D7,,,,,
CHEMBL5312669,,,375.48,0.0,3.87,1798735,c1ccc(CNc2ccc(-c3noc(C45CCCN(CCC4)C5)n3)cn2)cc1,IC50,'=',9780.0,nM,5.009661145,,,UO_0000065,0,CHEMBL4888493,organism-based format,Erythrocyte,CHEMBL5308541,60, Malaria Hit Generation Library,ACS Med Chem Lett,CHEMBL3833281,"Re-testing in dose-response curve in 3D7 pLDH assay, at 72h",3D7,,,,,
CHEMBL307261,,,284.35,0.0,2.19,DHA,C[C@H]1[C@@H](O)O[C@@H]2O[C@@]3(C)CC[C@H]4[C@H](C)CC[C@@H]1[C@@]24OO3,IC50,'=',1.2,nM,8.920818754,,,UO_0000065,0,CHEMBL1658402,organism-based format,,CHEMBL1649312,1,Scientific Literature,Antimicrob Agents Chemother,,Antimalarial activity against Plasmodium falciparum IMT K2 assessed as inhibition of [3H] incorporation after 48 hrs by scintillation counter,IMT K2,,,,,
CHEMBL1241239,CONCANAMYCIN A,,866.1,3.0,4.98,ConA,C/C=C/[C@H]1O[C@@](O)([C@@H](C)[C@H](O)[C@H](C)[C@H]2OC(=O)/C(OC)=C/C(C)=C/[C@@H](C)[C@@H](O)[C@@H](CC)[C@@H](O)[C@H](C)C/C(C)=C/C=C/[C@@H]2OC)C[C@@H](O[C@H]2C[C@@H](O)[C@H](OC(N)=O)[C@@H](C)O2)[C@@H]1C,IC50,'=',7.0,nM,8.15490196,,,UO_0000065,0,CHEMBL1248665,organism-based format,,CHEMBL1240532,1,Scientific Literature,Science,,Antimalarial activity against NITD609-resistant Plasmodium falciparum Dd2 Clone3 bearing P-type ATPase4 D1247Y mutations after 72 hrs by SYBR green based fluorescence assay,Dd2,,,,,
CHEMBL307261,,,284.35,0.0,2.19,DHA,C[C@H]1[C@@H](O)O[C@@H]2O[C@@]3(C)CC[C@H]4[C@H](C)CC[C@@H]1[C@@]24OO3,IC50,'=',3.5,nM,8.455931956,,,UO_0000065,0,CHEMBL1658396,organism-based format,,CHEMBL1649312,1,Scientific Literature,Antimicrob Agents Chemother,,Antimalarial activity against Plasmodium falciparum IMT 9881 assessed as inhibition of [3H] incorporation after 48 hrs by scintillation counter,IMT 9881,,,,,
CHEMBL307261,,,284.35,0.0,2.19,DHA,C[C@H]1[C@@H](O)O[C@@H]2O[C@@]3(C)CC[C@H]4[C@H](C)CC[C@@H]1[C@@]24OO3,IC50,'=',3.0,nM,8.522878745,,,UO_0000065,0,CHEMBL1658384,organism-based format,,CHEMBL1649312,1,Scientific Literature,Antimicrob Agents Chemother,,Antimalarial activity against Plasmodium falciparum W2 assessed as inhibition of [3H] incorporation after 48 hrs by scintillation counter,W2,,,,,
CHEMBL1450,ATOVAQUONE,4.0,366.84,1.0,5.51,ATQ,O=C1C(O)=C([C@H]2CC[C@H](c3ccc(Cl)cc3)CC2)C(=O)c2ccccc21,IC50,'=',0.6,nM,9.22184875,,,UO_0000065,0,CHEMBL1248663,organism-based format,,CHEMBL1240532,1,Scientific Literature,Science,,Antimalarial activity against NITD609-resistant Plasmodium falciparum Dd2 Clone1 bearing P-type ATPase4 I398F and P990R mutations after 72 hrs by SYBR green based fluorescence assay,Dd2,,,,,
CHEMBL307261,,,284.35,0.0,2.19,"1, DHA",C[C@H]1[C@@H](O)O[C@@H]2O[C@@]3(C)CC[C@H]4[C@H](C)CC[C@@H]1[C@@]24OO3,IC50,'=',1.5,nM,8.823908741,,,UO_0000065,0,CHEMBL1658393,organism-based format,,CHEMBL1649312,1,Scientific Literature,Antimicrob Agents Chemother,,Antimalarial activity against Plasmodium falciparum IMT A4 assessed as inhibition of [3H] incorporation after 48 hrs by scintillation counter,IMT A4,,,,,
CHEMBL5312746,,,341.54,0.0,3.51,1798925,CC1(N2CCC2)CCC(NC[C@H]2CCN(Cc3ccccc3)C2)CC1,IC50,'=',1570.0,nM,5.804100348,,,UO_0000065,0,CHEMBL4888493,organism-based format,Erythrocyte,CHEMBL5308541,60, Malaria Hit Generation Library,ACS Med Chem Lett,CHEMBL3833281,"Re-testing in dose-response curve in 3D7 pLDH assay, at 72h",3D7,,,,,
CHEMBL307261,,,284.35,0.0,2.19,DHA,C[C@H]1[C@@H](O)O[C@@H]2O[C@@]3(C)CC[C@H]4[C@H](C)CC[C@@H]1[C@@]24OO3,IC50,'=',3.0,nM,8.522878745,,,UO_0000065,0,CHEMBL1658389,organism-based format,,CHEMBL1649312,1,Scientific Literature,Antimicrob Agents Chemother,,Antimalarial activity against Plasmodium falciparum HB3 assessed as inhibition of [3H] incorporation after 48 hrs by scintillation counter,HB3,,,,,
CHEMBL269671,,,282.34,0.0,2.39,ARTEMISININ,C[C@@H]1CC[C@H]2[C@@H](C)C(=O)O[C@@H]3O[C@@]4(C)CC[C@@H]1[C@]32OO4,IC50,'=',6.6,nM,8.180456064,,,UO_0000065,0,CHEMBL5257531,organism-based format,,CHEMBL5257025,1,Scientific Literature,J Med Chem,,Antimalarial activity against Plasmodium falciparum W2 assessed as reduction in malarial growth,W2,,,,,
CHEMBL5400440,,,838.76,2.0,8.47,107,C[C@H]1C[C@@H]2C[C@@H]3CC[C@H]4OC(C(F)(F)F)=C(COCCOC(=O)CCC(=O)OC(c5cc(C(F)(F)F)nc6c(C(F)(F)F)cccc56)C5CCCCN5)[C@H](C1)[C@]24OO3,IC50,'=',2.4,nM,8.619788758,,,UO_0000065,0,CHEMBL5329417,organism-based format,,CHEMBL5329153,1,Scientific Literature,RSC Med Chem,,Antimalarial activity against chloroquine resistant Plasmodium falciparum FcB1 assessed as parasitic growth inhibition measured after 48 hrs,FcB1,,,,,
CHEMBL4532597,,,353.26,0.0,4.34,3,CCOCC(O)c1cc(C(F)(F)F)nc2c(C(F)(F)F)cccc12,IC50,'=',22000.0,nM,4.657577319,,,UO_0000065,0,CHEMBL4429521,organism-based format,,CHEMBL4428069,1,Scientific Literature,Bioorg Med Chem Lett,,Antimalarial activity against trophozoite stage of Plasmodium falciparum 3D7 infected-erythrocytes assessed as reduction in Leu efflux after 4 hrs by UPLC method,3D7,,,,,
CHEMBL5311594,,,389.34,0.0,3.51,1797984,Brc1cccc(NCCNC2CCN(Cc3cccnc3)CC2)c1,IC50,'=',3800.0,nM,5.420216403,,,UO_0000065,0,CHEMBL4888488,organism-based format,Erythrocyte,CHEMBL5308541,60, Malaria Hit Generation Library,ACS Med Chem Lett,CHEMBL3833281,"Hit confirmation in dose-response curve in NF54 nanoGlo assay, at 72h",NF54,,,,,
CHEMBL5312669,,,375.48,0.0,3.87,1798735,c1ccc(CNc2ccc(-c3noc(C45CCCN(CCC4)C5)n3)cn2)cc1,IC50,'=',9780.0,nM,5.009661145,,,UO_0000065,0,CHEMBL4888493,organism-based format,Erythrocyte,CHEMBL5308541,60, Malaria Hit Generation Library,ACS Med Chem Lett,CHEMBL3833281,"Re-testing in dose-response curve in 3D7 pLDH assay, at 72h",3D7,,,,,
CHEMBL5312746,,,341.54,0.0,3.51,1798925,CC1(N2CCC2)CCC(NC[C@H]2CCN(Cc3ccccc3)C2)CC1,IC50,'=',1570.0,nM,5.804100348,,,UO_0000065,0,CHEMBL4888493,organism-based format,Erythrocyte,CHEMBL5308541,60, Malaria Hit Generation Library,ACS Med Chem Lett,CHEMBL3833281,"Re-testing in dose-response curve in 3D7 pLDH assay, at 72h",3D7,,,,,
CHEMBL5400440,,,838.76,2.0,8.47,107,C[C@H]1C[C@@H]2C[C@@H]3CC[C@H]4OC(C(F)(F)F)=C(COCCOC(=O)CCC(=O)OC(c5cc(C(F)(F)F)nc6c(C(F)(F)F)cccc56)C5CCCCN5)[C@H](C1)[C@]24OO3,IC50,'=',2.4,nM,8.619788758,,,UO_0000065,0,CHEMBL5329415,organism-based format,,CHEMBL5329153,1,Scientific Literature,RSC Med Chem,,Antimalarial activity against chloroquine resistant Plasmodium falciparum F32 assessed as parasitic growth inhibition measured after 48 hrs,F32,,,,,
CHEMBL5312405,,,334.25,0.0,4.82,1799770,NCCCCc1c(-c2cccnc2)[nH]c2c(Cl)cc(Cl)cc12,IC50,'=',4470.0,nM,5.349692477,,,UO_0000065,0,CHEMBL4888489,organism-based format,Erythrocyte,CHEMBL5308541,60, Malaria Hit Generation Library,ACS Med Chem Lett,CHEMBL3833281,"Hit confirmation in dose-response curve in NF54 pLDH assay, at 72h",NF54,,,,,
CHEMBL5313530,,,370.59,0.0,2.8,1797951,CN1CCN(CCCCNC2CC3CCC(C2)N3Cc2ccccc2)CC1,IC50,'=',1010.0,nM,5.995678626,,,UO_0000065,0,CHEMBL4888493,organism-based format,Erythrocyte,CHEMBL5308541,60, Malaria Hit Generation Library,ACS Med Chem Lett,CHEMBL3833281,"Re-testing in dose-response curve in 3D7 pLDH assay, at 72h",3D7,,,,,
CHEMBL5313643,,,351.52,0.0,4.69,1797787,c1ccc2c(CNCCC3CCN(c4ccncc4)CC3)csc2c1,IC50,'=',418.0,nM,6.378823718,,,UO_0000065,0,CHEMBL4888493,organism-based format,Erythrocyte,CHEMBL5308541,60, Malaria Hit Generation Library,ACS Med Chem Lett,CHEMBL3833281,"Re-testing in dose-response curve in 3D7 pLDH assay, at 72h",3D7,,,,,
CHEMBL2164257,FOSMIDOMYCIN SODIUM,,205.08,0.0,-0.6,1,O=CN(O)CCCP(=O)([O-])O.[Na+],IC50,'=',1100.0,nM,5.958607315,,,UO_0000065,0,CHEMBL5387096,organism-based format,,CHEMBL5385862,1,Scientific Literature,Eur J Med Chem,,Antiplasmodial activity against asexual blood stage pyrimethamine-resistant Plasmodium falciparum Dd2 assessed as inhibition of parasitic growth,Dd2,,,,,
CHEMBL2164257,FOSMIDOMYCIN SODIUM,,205.08,0.0,-0.6,1,O=CN(O)CCCP(=O)([O-])O.[Na+],IC50,'=',1100.0,nM,5.958607315,,,UO_0000065,0,CHEMBL5387097,organism-based format,,CHEMBL5385862,1,Scientific Literature,Eur J Med Chem,,Antiplasmodial activity against asexual blood stage mefloquine-resistant Plasmodium falciparum Dd2 assessed as inhibition of parasitic growth,Dd2,,,,,
CHEMBL4853103,,,305.34,0.0,0.45,23,CCCOc1nncc(-c2cnnc(OCCN(C)C)n2)n1,IC50,'=',23.0,nM,7.638272164,,,UO_0000065,0,CHEMBL4808509,organism-based format,,CHEMBL4808169,1,Scientific Literature,J Med Chem,,Antiplasmodial activity against Plasmodium falciparum Dd2 (MMV048) by 3H-incorporation growth inhibition assay,Dd2,,,,,
CHEMBL4853103,,,305.34,0.0,0.45,23,CCCOc1nncc(-c2cnnc(OCCN(C)C)n2)n1,IC50,'=',23.0,nM,7.638272164,,,UO_0000065,0,CHEMBL4808510,organism-based format,,CHEMBL4808169,1,Scientific Literature,J Med Chem,,Antiplasmodial activity against Plasmodium falciparum Dd2 (DSM265) by 3H-incorporation growth inhibition assay,Dd2,,,,,
CHEMBL2334038,,,578.76,2.0,5.78,55c,C[C@@H](NC[C@@H](O)[C@H](Cc1ccccc1)NC(=O)c1ccc(Nc2ccc(O)c(CN3CCCC3)c2)cc1)c1ccccc1,IC50,'<',7.8,nM,8.107905397,,,UO_0000065,0,CHEMBL2342732,organism-based format,,CHEMBL2331413,1,Scientific Literature,Bioorg Med Chem Lett,,Antimalarial activity against chloroquine-resistant Plasmodium falciparum K1 infected in RBC by [3H]hypoxanthine incorporation assay in presence of 0.5 % albumax,K1,,,,,
CHEMBL585,TRIAMTERENE,4.0,253.27,0.0,0.83,"NCGC00023458-04, 12",Nc1nc(N)c2nc(-c3ccccc3)c(N)nc2n1,IC50,'=',73540.0,nM,4.133476374,,,UO_0000065,0,CHEMBL1267253,organism-based format,,CHEMBL1255382,1,Scientific Literature,Nat Chem Biol,,Antiplasmodial activity against Plasmodium falciparum KC5 after 72 hrs by SYBR green assay,KC5,,,,,
CHEMBL585,TRIAMTERENE,4.0,253.27,0.0,0.83,"NCGC00023458-04, 12",Nc1nc(N)c2nc(-c3ccccc3)c(N)nc2n1,IC50,'=',65106.0,nM,4.186378986,,,UO_0000065,0,CHEMBL1267262,organism-based format,,CHEMBL1255382,1,Scientific Literature,Nat Chem Biol,,Antiplasmodial activity against Plasmodium falciparum JB12 after 72 hrs by SYBR green assay,JB12,,,,,
CHEMBL3305956,,,266.35,0.0,0.73,7a,Cc1ncc(C[n+]2csc(CCO)c2C)c(O)n1,IC50,'=',11000.0,nM,4.958607315,,,UO_0000065,0,CHEMBL5260401,organism-based format,Erythrocyte,CHEMBL5257137,1,Scientific Literature,ACS Med Chem Lett,,Antiplasmodial activity against chloroquine-sensitive Plasmodium falciparum 3D7 infected in human erythrocyte assessed as inhibition of parasite proliferation in thiamine free medium by SYBR-Safe assay,3D7,,,,,
CHEMBL303933,PIPERAQUINE,3.0,535.52,2.0,5.42,PPQ,Clc1ccc2c(N3CCN(CCCN4CCN(c5ccnc6cc(Cl)ccc56)CC4)CC3)ccnc2c1,IC50,'=',55.0,nM,7.259637311,,,UO_0000065,0,CHEMBL1658389,organism-based format,,CHEMBL1649312,1,Scientific Literature,Antimicrob Agents Chemother,,Antimalarial activity against Plasmodium falciparum HB3 assessed as inhibition of [3H] incorporation after 48 hrs by scintillation counter,HB3,,,,,
CHEMBL585,TRIAMTERENE,4.0,253.27,0.0,0.83,"NCGC00023458-04, 12",Nc1nc(N)c2nc(-c3ccccc3)c(N)nc2n1,IC50,'=',17071.0,nM,4.767741038,,,UO_0000065,0,CHEMBL1267273,organism-based format,,CHEMBL1255382,1,Scientific Literature,Nat Chem Biol,,Antiplasmodial activity against Plasmodium falciparum XF12 after 72 hrs by SYBR green assay,XF12,,,,,
CHEMBL5313643,,,351.52,0.0,4.69,1797787,c1ccc2c(CNCCC3CCN(c4ccncc4)CC3)csc2c1,IC50,'=',418.0,nM,6.378823718,,,UO_0000065,0,CHEMBL4888493,organism-based format,Erythrocyte,CHEMBL5308541,60, Malaria Hit Generation Library,ACS Med Chem Lett,CHEMBL3833281,"Re-testing in dose-response curve in 3D7 pLDH assay, at 72h",3D7,,,,,
CHEMBL585,TRIAMTERENE,4.0,253.27,0.0,0.83,"NCGC00023458-04, 12",Nc1nc(N)c2nc(-c3ccccc3)c(N)nc2n1,IC50,'=',8126.0,nM,5.090123182,,,UO_0000065,0,CHEMBL1267138,organism-based format,,CHEMBL1255382,1,Scientific Literature,Nat Chem Biol,,Antiplasmodial activity against Plasmodium falciparum XG10 after 72 hrs by SYBR green assay,XG10,,,,,
CHEMBL585,TRIAMTERENE,4.0,253.27,0.0,0.83,"NCGC00023458-04, 12",Nc1nc(N)c2nc(-c3ccccc3)c(N)nc2n1,IC50,'=',5191.0,nM,5.284748971,,,UO_0000065,0,CHEMBL1267268,organism-based format,,CHEMBL1255382,1,Scientific Literature,Nat Chem Biol,,Antiplasmodial activity against Plasmodium falciparum KA6 after 72 hrs by SYBR green assay,KA6,,,,,
CHEMBL307261,,,284.35,0.0,2.19,DHA,C[C@H]1[C@@H](O)O[C@@H]2O[C@@]3(C)CC[C@H]4[C@H](C)CC[C@@H]1[C@@]24OO3,IC50,'=',5.8,nM,8.236572006,,,UO_0000065,0,CHEMBL1658513,organism-based format,,CHEMBL1649312,1,Scientific Literature,Antimicrob Agents Chemother,,"Antimalarial activity against Plasmodium falciparum 106/1 harboring Ppcrt M74I, N75E, K76T, A220S, Q271E, N326S and I356T mutant gene, Pmdr1 N86Y mutant gene and Pfmrp H191Y and S437A mutant gene assessed as incorporation of [3]H hypoxanthine after 48 hrs by scintillation counter",106/1,,,,,
CHEMBL307261,,,284.35,0.0,2.19,DHA,C[C@H]1[C@@H](O)O[C@@H]2O[C@@]3(C)CC[C@H]4[C@H](C)CC[C@@H]1[C@@]24OO3,IC50,'=',2.8,nM,8.552841969,,,UO_0000065,0,CHEMBL1654538,organism-based format,,CHEMBL1649312,1,Scientific Literature,Antimicrob Agents Chemother,,Antimalarial activity against Plasmodium falciparum 3D7 harboring Ppcrt I371R mutant gene and Pfnhe-1 ms4760 microsatellite mutant assessed as incorporation of [3]H hypoxanthine after 48 hrs by scintillation counter,3D7,,,,,
CHEMBL76,CHLOROQUINE,4.0,319.88,0.0,4.81,NSC-187208,CCN(CC)CCCC(C)Nc1ccnc2cc(Cl)ccc12,IC50,'=',174.5,nM,6.758204569,,,UO_0000065,0,CHEMBL4154760,organism-based format,RBC,CHEMBL4152256,1,Scientific Literature,Eur J Med Chem,,Antiplasmodial activity against chloroquine-sensitive Plasmodium falciparum 3D7 ring forms infected in human RBC incubated for 15 mins followed by compound removal and further incubation for 48 hrs by [3H]-hypoxanthine incorporation assay,3D7,,,,,
CHEMBL361497,ARTESUNATE,4.0,384.43,0.0,2.6,AS,C[C@H]1[C@H](OC(=O)CCC(=O)O)O[C@@H]2O[C@@]3(C)CC[C@H]4[C@H](C)CC[C@@H]1[C@@]24OO3,IC50,'=',13.5,nM,7.869666232,,,UO_0000065,0,CHEMBL1676419,organism-based format,,CHEMBL1671705,1,Scientific Literature,Antimicrob Agents Chemother,,Antimalarial activity against Plasmodium falciparum 7G8 harboring pfATP6 L263 mutant assessed as inhibition of [3H]hypoxanthine incorporation,7G8,,,,,
CHEMBL2237693,,,353.8,0.0,4.8,B15,COc1ccc(/C=C/C(=O)c2cc3ccccc3nc2Cl)c(OC)c1,IC50,'=',1000.0,nM,6.0,,,UO_0000065,0,CHEMBL3063284,single protein format,,CHEMBL3046787,1,Scientific Literature,Med Chem Res,,Inhibition of Plasmodium falciparum W2,W2,,,,,
CHEMBL2237703,,,239.27,0.0,2.99,A18,COc1ccc(/C=C/C(=O)c2cccnc2)cc1,IC50,'=',10000.0,nM,5.0,,,UO_0000065,0,CHEMBL3063284,single protein format,,CHEMBL3046787,1,Scientific Literature,Med Chem Res,,Inhibition of Plasmodium falciparum W2,W2,,,,,
CHEMBL307261,,,284.35,0.0,2.19,Dihydroartemisinin,C[C@H]1[C@@H](O)O[C@@H]2O[C@@]3(C)CC[C@H]4[C@H](C)CC[C@@H]1[C@@]24OO3,IC50,'=',2.26,nM,8.645891561,,,UO_0000065,0,CHEMBL1676419,organism-based format,,CHEMBL1671705,1,Scientific Literature,Antimicrob Agents Chemother,,Antimalarial activity against Plasmodium falciparum 7G8 harboring pfATP6 L263 mutant assessed as inhibition of [3H]hypoxanthine incorporation,7G8,,,,,
CHEMBL361497,ARTESUNATE,4.0,384.43,0.0,2.6,AS,C[C@H]1[C@H](OC(=O)CCC(=O)O)O[C@@H]2O[C@@]3(C)CC[C@H]4[C@H](C)CC[C@@H]1[C@@]24OO3,IC50,'=',14.9,nM,7.826813732,,,UO_0000065,0,CHEMBL1676420,organism-based format,,CHEMBL1671705,1,Scientific Literature,Antimicrob Agents Chemother,,Antimalarial activity against Plasmodium falciparum 7G8 harboring pfATP6 263E mutant assessed as inhibition of [3H]hypoxanthine incorporation,7G8,,,,,
CHEMBL4922693,,,394.9,1.0,5.17,1650198,COc1ccc(C2=CN(CC(=O)c3ccc(Cl)cc3)C3=CCCCCN23)cc1,IC50,'=',2950.0,nM,5.530177984,,,UO_0000065,0,CHEMBL4888488,organism-based format,Erythrocyte,CHEMBL4888484,60, Malaria Hit Generation Library,,CHEMBL3833281,"Hit confirmation in dose-response curve in NF54 nanoGlo assay, at 72h",NF54,,,,,
CHEMBL4853103,,,305.34,0.0,0.45,23,CCCOc1nncc(-c2cnnc(OCCN(C)C)n2)n1,IC50,'=',23.0,nM,7.638272164,,,UO_0000065,0,CHEMBL4808508,organism-based format,,CHEMBL4808169,1,Scientific Literature,J Med Chem,,Antiplasmodial activity against Plasmodium falciparum Dd2 (DDD107498) by 3H-incorporation growth inhibition assay,Dd2,,,,,
CHEMBL5411717,,,654.69,2.0,8.14,106,CC1=C(CN2CCCCC2C(O)c2cc(C(F)(F)F)nc3c(C(F)(F)F)cccc23)[C@@H]2C[C@@H](C)C[C@@H]3C[C@]4(C)CC[C@@H](O1)[C@@]32OO4,IC50,'=',2.4,nM,8.619788758,,,UO_0000065,0,CHEMBL5329411,organism-based format,,CHEMBL5329153,1,Scientific Literature,RSC Med Chem,,Antimalarial activity against mefloquine resistant Plasmodium falciparum F32 assessed as parasitic growth inhibition measured after 48 hrs,F32,,,,,
CHEMBL5411717,,,654.69,2.0,8.14,106,CC1=C(CN2CCCCC2C(O)c2cc(C(F)(F)F)nc3c(C(F)(F)F)cccc23)[C@@H]2C[C@@H](C)C[C@@H]3C[C@]4(C)CC[C@@H](O1)[C@@]32OO4,IC50,'=',2.4,nM,8.619788758,,,UO_0000065,0,CHEMBL5329414,organism-based format,,CHEMBL5329153,1,Scientific Literature,RSC Med Chem,,Antimalarial activity against mefloquine resistant Plasmodium falciparum K1 assessed as parasitic growth inhibition measured after 48 hrs,K1,,,,,
CHEMBL269671,,,282.34,0.0,2.39,ARTEMISININ,C[C@@H]1CC[C@H]2[C@@H](C)C(=O)O[C@@H]3O[C@@]4(C)CC[C@@H]1[C@]32OO4,IC50,'=',6.6,nM,8.180456064,,,UO_0000065,0,CHEMBL5257522,organism-based format,,CHEMBL5257025,1,Scientific Literature,J Med Chem,,Antimalarial activity against Plasmodium falciparum NF54 assessed as inhibition of malarial growth,NF54,,,,,
CHEMBL5400440,,,838.76,2.0,8.47,107,C[C@H]1C[C@@H]2C[C@@H]3CC[C@H]4OC(C(F)(F)F)=C(COCCOC(=O)CCC(=O)OC(c5cc(C(F)(F)F)nc6c(C(F)(F)F)cccc56)C5CCCCN5)[C@H](C1)[C@]24OO3,IC50,'=',2.4,nM,8.619788758,,,UO_0000065,0,CHEMBL5329412,organism-based format,,CHEMBL5329153,1,Scientific Literature,RSC Med Chem,,Antimalarial activity against mefloquine resistant Plasmodium falciparum Thai assessed as parasitic growth inhibition measured after 48 hrs,Thai,,,,,
CHEMBL5411717,,,654.69,2.0,8.14,106,CC1=C(CN2CCCCC2C(O)c2cc(C(F)(F)F)nc3c(C(F)(F)F)cccc23)[C@@H]2C[C@@H](C)C[C@@H]3C[C@]4(C)CC[C@@H](O1)[C@@]32OO4,IC50,'=',2.4,nM,8.619788758,,,UO_0000065,0,CHEMBL5329417,organism-based format,,CHEMBL5329153,1,Scientific Literature,RSC Med Chem,,Antimalarial activity against chloroquine resistant Plasmodium falciparum FcB1 assessed as parasitic growth inhibition measured after 48 hrs,FcB1,,,,,
CHEMBL5308899,,,369.56,0.0,2.74,1801179,Cc1cc(C)c(CN2CCN(C)CC2)cc1CNCCCn1ccnc1C,IC50,'=',3890.0,nM,5.410050399,,,UO_0000065,0,CHEMBL4888488,organism-based format,Erythrocyte,CHEMBL5308541,60, Malaria Hit Generation Library,ACS Med Chem Lett,CHEMBL3833281,"Hit confirmation in dose-response curve in NF54 nanoGlo assay, at 72h",NF54,,,,,
CHEMBL585,TRIAMTERENE,4.0,253.27,0.0,0.83,"NCGC00023458-04, 12",Nc1nc(N)c2nc(-c3ccccc3)c(N)nc2n1,IC50,'=',15024.0,nM,4.823214425,,,UO_0000065,0,CHEMBL1267260,organism-based format,,CHEMBL1255382,1,Scientific Literature,Nat Chem Biol,,Antiplasmodial activity against Plasmodium falciparum KH7 after 72 hrs by SYBR green assay,KH7,,,,,
CHEMBL1450,ATOVAQUONE,4.0,366.84,1.0,5.51,ATQ,O=C1C(O)=C([C@H]2CC[C@H](c3ccc(Cl)cc3)CC2)C(=O)c2ccccc21,IC50,'=',0.8,nM,9.096910013,,,UO_0000065,0,CHEMBL1248664,organism-based format,,CHEMBL1240532,1,Scientific Literature,Science,,Antimalarial activity against NITD609-resistant Plasmodium falciparum Dd2 Clone2 bearing P-type ATPase4 T418N and P990R mutations after 72 hrs by SYBR green based fluorescence assay,Dd2,,,,,
CHEMBL5310563,,,315.76,0.0,2.1,1797879,O[C@@]1(c2c[nH]nn2)CCN(c2ccnc3cc(Cl)ccc23)C1,IC50,'=',5130.0,nM,5.289882635,,,UO_0000065,0,CHEMBL4888489,organism-based format,Erythrocyte,CHEMBL5308541,60, Malaria Hit Generation Library,ACS Med Chem Lett,CHEMBL3833281,"Hit confirmation in dose-response curve in NF54 pLDH assay, at 72h",NF54,,,,,
CHEMBL5008524,,,247.37,0.0,2.44,1642055,CN1CCCN(c2ccnc3ccsc23)CC1,IC50,'=',3800.0,nM,5.420216403,,,UO_0000065,0,CHEMBL4888491,organism-based format,Erythrocyte,CHEMBL4888484,60, Malaria Hit Generation Library,,CHEMBL3833281,"Hit confirmation in dose-response curve in NF54 nanoGlo assay, at 12h",NF54,,,,,
CHEMBL5313620,,,384.42,0.0,4.85,1798417,CN(C)C1(CNc2nc(C(F)(F)F)nc3cc(F)ccc23)CCCCCC1,IC50,'=',360.0,nM,6.443697499,,,UO_0000065,0,CHEMBL4888493,organism-based format,Erythrocyte,CHEMBL5308541,60, Malaria Hit Generation Library,ACS Med Chem Lett,CHEMBL3833281,"Re-testing in dose-response curve in 3D7 pLDH assay, at 72h",3D7,,,,,
CHEMBL307261,,,284.35,0.0,2.19,Dihydroartemisinin,C[C@H]1[C@@H](O)O[C@@H]2O[C@@]3(C)CC[C@H]4[C@H](C)CC[C@@H]1[C@@]24OO3,IC50,'=',3.96,nM,8.402304814,,,UO_0000065,0,CHEMBL1676434,organism-based format,,CHEMBL1671705,1,Scientific Literature,Antimicrob Agents Chemother,,Antimalarial activity against Plasmodium falciparum D10 clone M1 harboring pfATP6 L263 mutant assessed as inhibition of [3H]hypoxanthine incorporation,D10,,,,,
CHEMBL5190700,,,479.97,0.0,4.0,UCB7362,C[C@H]1C[C@@H](N2C(=N)N[C@](C)(c3cccc(NC(=O)c4cccc(C#N)c4)c3Cl)CC2=O)CCO1,IC50,'=',22.0,nM,7.657577319,,,UO_0000065,0,CHEMBL5112391,organism-based format,,CHEMBL5108065,1,Scientific Literature,J Med Chem,,Antimalarial activity against DSM265 resistant Plasmodium falciparum Dd2 harbouring pf-dhodh mutated loci assessed as inhibition of parasite growth pretreated for 48 hrs followed by [3H]-hypoxanthine addition measured after 24 hrs by scintillation counting method,Dd2,,,,,
CHEMBL4971233,,,503.64,1.0,3.82,1680662,CNC(=O)[C@@H]1C[C@H](NCc2cc(OC)c(OC)c(OC)c2)CN1CC(c1ccccc1)c1ccccc1,IC50,'=',3630.0,nM,5.440093375,,,UO_0000065,0,CHEMBL4888489,organism-based format,Erythrocyte,CHEMBL4888484,60, Malaria Hit Generation Library,,CHEMBL3833281,"Hit confirmation in dose-response curve in NF54 pLDH assay, at 72h",NF54,,,,,
CHEMBL307261,,,284.35,0.0,2.19,DHA,C[C@H]1[C@@H](O)O[C@@H]2O[C@@]3(C)CC[C@H]4[C@H](C)CC[C@@H]1[C@@]24OO3,IC50,'=',1.3,nM,8.886056648,,,UO_0000065,0,CHEMBL1658386,organism-based format,,CHEMBL1649312,1,Scientific Literature,Antimicrob Agents Chemother,,Antimalarial activity against Plasmodium falciparum FCM29 assessed as inhibition of [3H] incorporation after 48 hrs by scintillation counter,FcM29,,,,,
CHEMBL303933,PIPERAQUINE,3.0,535.52,2.0,5.42,PPQ,Clc1ccc2c(N3CCN(CCCN4CCN(c5ccnc6cc(Cl)ccc56)CC4)CC3)ccnc2c1,IC50,'=',48.0,nM,7.318758763,,,UO_0000065,0,CHEMBL1654532,organism-based format,,CHEMBL1649312,1,Scientific Literature,Antimicrob Agents Chemother,,"Antimalarial activity against Plasmodium falciparum IMT 16332 harboring Ppcrt M74I, N75E, K76T, A220S, Q271E mutant gene, Pmdr1 N86Y mutant gene assessed as incorporation of [3]H hypoxanthine after 48 hrs by scintillation counter",IMT 16332,,,,,
CHEMBL585,TRIAMTERENE,4.0,253.27,0.0,0.83,"NCGC00023458-04, 12",Nc1nc(N)c2nc(-c3ccccc3)c(N)nc2n1,IC50,'=',81846.0,nM,4.087002541,,,UO_0000065,0,CHEMBL1267258,organism-based format,,CHEMBL1255382,1,Scientific Literature,Nat Chem Biol,,Antiplasmodial activity against Plasmodium falciparum AL2 after 72 hrs by SYBR green assay,AL2,,,,,
CHEMBL585,TRIAMTERENE,4.0,253.27,0.0,0.83,"NCGC00023458-04, 12",Nc1nc(N)c2nc(-c3ccccc3)c(N)nc2n1,IC50,'=',8822.0,nM,5.054432947,,,UO_0000065,0,CHEMBL1267259,organism-based format,,CHEMBL1255382,1,Scientific Literature,Nat Chem Biol,,Antiplasmodial activity against Plasmodium falciparum TF1 after 72 hrs by SYBR green assay,TF1,,,,,
CHEMBL585,TRIAMTERENE,4.0,253.27,0.0,0.83,"NCGC00023458-04, 12",Nc1nc(N)c2nc(-c3ccccc3)c(N)nc2n1,IC50,'=',50137.0,nM,4.299841656,,,UO_0000065,0,CHEMBL1267265,organism-based format,,CHEMBL1255382,1,Scientific Literature,Nat Chem Biol,,Antiplasmodial activity against Plasmodium falciparum LC12 after 72 hrs by SYBR green assay,LC12,,,,,
CHEMBL585,TRIAMTERENE,4.0,253.27,0.0,0.83,"NCGC00023458-04, 12",Nc1nc(N)c2nc(-c3ccccc3)c(N)nc2n1,IC50,'=',69472.0,nM,4.158190198,,,UO_0000065,0,CHEMBL1267274,organism-based format,,CHEMBL1255382,1,Scientific Literature,Nat Chem Biol,,Antiplasmodial activity against Plasmodium falciparum DAN after 72 hrs by SYBR green assay,DAN,,,,,
CHEMBL585,TRIAMTERENE,4.0,253.27,0.0,0.83,"NCGC00023458-04, 12",Nc1nc(N)c2nc(-c3ccccc3)c(N)nc2n1,IC50,'=',59779.0,nM,4.223451354,,,UO_0000065,0,CHEMBL1267254,organism-based format,,CHEMBL1255382,1,Scientific Literature,Nat Chem Biol,,Antiplasmodial activity against Plasmodium falciparum XD8 after 72 hrs by SYBR green assay,XD8,,,,,
CHEMBL42527,,,454.41,1.0,5.98,1,Clc1ccc2c(NCCCNCCCNc3ccnc4cc(Cl)ccc34)ccnc2c1,IC50,'=',86.0,nM,7.065501549,,,UO_0000065,0,CHEMBL2403958,organism-based format,,CHEMBL2401699,1,Scientific Literature,J Med Chem,,Antimalarial activity against chloroquine-sensitive Plasmodium falciparum D6 after 72 hrs by MSF assay,D6,,,,,
CHEMBL5313620,,,384.42,0.0,4.85,1798417,CN(C)C1(CNc2nc(C(F)(F)F)nc3cc(F)ccc23)CCCCCC1,IC50,'=',460.0,nM,6.337242168,,,UO_0000065,0,CHEMBL4888493,organism-based format,Erythrocyte,CHEMBL5308541,60, Malaria Hit Generation Library,ACS Med Chem Lett,CHEMBL3833281,"Re-testing in dose-response curve in 3D7 pLDH assay, at 72h",3D7,,,,,
CHEMBL269671,,,282.34,0.0,2.39,Artemisinin,C[C@@H]1CC[C@H]2[C@@H](C)C(=O)O[C@@H]3O[C@@]4(C)CC[C@@H]1[C@]32OO4,IC50,'=',22.3,nM,7.651695137,,,UO_0000065,0,CHEMBL1676420,organism-based format,,CHEMBL1671705,1,Scientific Literature,Antimicrob Agents Chemother,,Antimalarial activity against Plasmodium falciparum 7G8 harboring pfATP6 263E mutant assessed as inhibition of [3H]hypoxanthine incorporation,7G8,,,,,
CHEMBL1200961,BROMPHENIRAMINE MALEATE,4.0,435.32,0.0,3.93,NCGC00093697-01,CN(C)CCC(c1ccc(Br)cc1)c1ccccn1.O=C(O)/C=C\C(=O)O,IC50,'=',794.33,nM,6.099999035,,,UO_0000065,0,CHEMBL1267251,organism-based format,,CHEMBL1255382,1,Scientific Literature,Nat Chem Biol,,Antiplasmodial activity against Plasmodium falciparum W2 after 72 hrs by SYBR green assay,W2,,,,,
CHEMBL76,CHLOROQUINE,4.0,319.88,0.0,4.81,"9, CQ",CCN(CC)CCCC(C)Nc1ccnc2cc(Cl)ccc12,IC50,'=',18.0,nM,7.744727495,,,UO_0000065,0,CHEMBL3223444,organism-based format,,CHEMBL3217739,1,Scientific Literature,Medchemcomm,,Antimalarial activity against schizont stage of chloroquine-susceptible Plasmodium falciparum 3D7 infected in erythrocytes assessed as inhibition of [3H]hypoxanthine incorporation after 96 hrs by scintillation counting analysis,3D7,,,,,
CHEMBL5313530,,,370.59,0.0,2.8,1797951,CN1CCN(CCCCNC2CC3CCC(C2)N3Cc2ccccc2)CC1,IC50,'=',1080.0,nM,5.966576245,,,UO_0000065,0,CHEMBL4888493,organism-based format,Erythrocyte,CHEMBL5308541,60, Malaria Hit Generation Library,ACS Med Chem Lett,CHEMBL3833281,"Re-testing in dose-response curve in 3D7 pLDH assay, at 72h",3D7,,,,,
CHEMBL5312746,,,341.54,0.0,3.51,1798925,CC1(N2CCC2)CCC(NC[C@H]2CCN(Cc3ccccc3)C2)CC1,IC50,'=',1630.0,nM,5.787812396,,,UO_0000065,0,CHEMBL4888493,organism-based format,Erythrocyte,CHEMBL5308541,60, Malaria Hit Generation Library,ACS Med Chem Lett,CHEMBL3833281,"Re-testing in dose-response curve in 3D7 pLDH assay, at 72h",3D7,,,,,
CHEMBL38827,LUMEFANTRINE,4.0,528.95,2.0,9.15,Lumefantrine,CCCCN(CCCC)CC(O)c1cc(Cl)cc2c1-c1ccc(Cl)cc1/C2=C/c1ccc(Cl)cc1,IC50,'=',3.6,nM,8.443697499,,,UO_0000065,0,CHEMBL4392006,organism-based format,,CHEMBL4390668,1,Scientific Literature,J Med Chem,,Antimalarial activity against drug-resistant Plasmodium falciparum Dd2 harboring M133I mutant infected in human erythrocytes after 72 hrs by SYBR green 1-based fluorescence assay,Dd2,,,,,
CHEMBL76,CHLOROQUINE,4.0,319.88,0.0,4.81,CQ,CCN(CC)CCCC(C)Nc1ccnc2cc(Cl)ccc12,IC50,'=',9.6,nM,8.017728767,,,UO_0000065,0,CHEMBL4392007,organism-based format,,CHEMBL4390668,1,Scientific Literature,J Med Chem,,Antimalarial activity against Plasmodium falciparum 3D7 infected in human erythrocytes after 72 hrs by SYBR green 1-based fluorescence assay,3D7,,,,,
CHEMBL4970917,,,310.23,0.0,3.98,1737523,Clc1cccc(CNCCCNc2ccncc2)c1Cl,IC50,'=',2000.0,nM,5.698970004,,,UO_0000065,0,CHEMBL4888488,organism-based format,Erythrocyte,CHEMBL4888484,60, Malaria Hit Generation Library,,CHEMBL3833281,"Hit confirmation in dose-response curve in NF54 nanoGlo assay, at 72h",NF54,,,,,
CHEMBL5313620,,,384.42,0.0,4.85,1798417,CN(C)C1(CNc2nc(C(F)(F)F)nc3cc(F)ccc23)CCCCCC1,IC50,'=',460.0,nM,6.337242168,,,UO_0000065,0,CHEMBL4888493,organism-based format,Erythrocyte,CHEMBL5308541,60, Malaria Hit Generation Library,ACS Med Chem Lett,CHEMBL3833281,"Re-testing in dose-response curve in 3D7 pLDH assay, at 72h",3D7,,,,,
CHEMBL585,TRIAMTERENE,4.0,253.27,0.0,0.83,"NCGC00023458-04, 12",Nc1nc(N)c2nc(-c3ccccc3)c(N)nc2n1,IC50,'=',5588.0,nM,5.252743603,,,UO_0000065,0,CHEMBL1267267,organism-based format,,CHEMBL1255382,1,Scientific Literature,Nat Chem Biol,,Antiplasmodial activity against Plasmodium falciparum LA10 after 72 hrs by SYBR green assay,LA10,,,,,
CHEMBL5309024,,,349.95,0.0,3.59,1800131,C[C@@H](CNC1CCN(C2CCN(C)CC2)CC1)c1cccc(Cl)c1,IC50,'=',1380.0,nM,5.860120914,,,UO_0000065,0,CHEMBL5308542,organism-based format,Erythrocyte,CHEMBL5308541,60, Malaria Hit Generation Library,ACS Med Chem Lett,CHEMBL3833281,"Re-testing in dose-response curve in Dd2 pLDH assay, at 72h",Dd2,,,,,
CHEMBL76,CHLOROQUINE,4.0,319.88,0.0,4.81,chloroquine,CCN(CC)CCCC(C)Nc1ccnc2cc(Cl)ccc12,IC50,'=',110.0,nM,6.958607315,,,UO_0000065,0,CHEMBL5113958,organism-based format,,CHEMBL5113376,1,Scientific Literature,Eur J Med Chem,,Antimalarial activity against Plasmodium falciparum Dd2 by SYBR green method,Dd2,,,,,
CHEMBL2334045,,,514.67,1.0,3.13,49c,C[C@@H](NC[C@@H](O)[C@H](Cc1ccccc1)NC(=O)c1ccc(C(=O)N2CCN(C)CC2)cc1)c1ccccc1,IC50,'=',0.6,nM,9.22184875,,,UO_0000065,0,CHEMBL2342742,organism-based format,,CHEMBL2331413,1,Scientific Literature,Bioorg Med Chem Lett,,Antimalarial activity against chloroquine-sensitive Plasmodium falciparum NF54 infected in RBC after 72 hrs by [3H]hypoxanthine incorporation assay in presence of 0.5 % albumax,NF54,,,,,
CHEMBL5309227,,,324.47,0.0,2.7,1800733,CN1CCN(CC2CCN(c3ccnc4ccccc34)CC2)CC1,IC50,'=',1350.0,nM,5.869666232,,,UO_0000065,0,CHEMBL4888489,organism-based format,Erythrocyte,CHEMBL5308541,60, Malaria Hit Generation Library,ACS Med Chem Lett,CHEMBL3833281,"Hit confirmation in dose-response curve in NF54 pLDH assay, at 72h",NF54,,,,,
CHEMBL288114,GALLIC ACID,2.0,170.12,0.0,0.5,8,O=C(O)c1cc(O)c(O)c(O)c1,IC50,'=',68000.0,nM,4.167491087,,,UO_0000065,0,CHEMBL5256987,organism-based format,,CHEMBL5252676,1,Scientific Literature,RSC Med Chem,,Antiplasmodial activity against chloroquine-sensitive Plasmodium falciparum 3D7 assessed as intraerythrocytic growth inhibition,3D7,,,,,
CHEMBL303933,PIPERAQUINE,3.0,535.52,2.0,5.42,PPQ,Clc1ccc2c(N3CCN(CCCN4CCN(c5ccnc6cc(Cl)ccc56)CC4)CC3)ccnc2c1,IC50,'=',58.0,nM,7.236572006,,,UO_0000065,0,CHEMBL1654538,organism-based format,,CHEMBL1649312,1,Scientific Literature,Antimicrob Agents Chemother,,Antimalarial activity against Plasmodium falciparum 3D7 harboring Ppcrt I371R mutant gene and Pfnhe-1 ms4760 microsatellite mutant assessed as incorporation of [3]H hypoxanthine after 48 hrs by scintillation counter,3D7,,,,,
CHEMBL303933,PIPERAQUINE,3.0,535.52,2.0,5.42,PPQ,Clc1ccc2c(N3CCN(CCCN4CCN(c5ccnc6cc(Cl)ccc56)CC4)CC3)ccnc2c1,IC50,'=',84.0,nM,7.075720714,,,UO_0000065,0,CHEMBL1654534,organism-based format,,CHEMBL1649312,1,Scientific Literature,Antimicrob Agents Chemother,,"Antimalarial activity against Plasmodium falciparum IMT K2 harboring Ppcrt M74I, N75E, K76T, A220S, Q271E, N326S mutant gene, Pmdr1 S1034C, N1042D mutant gene and Pfmrp H191Y and S437A mutant gene assessed as incorporation of [3]H hypoxanthine after 48 hrs by scintillation counter",IMT K2,,,,,
CHEMBL303933,PIPERAQUINE,3.0,535.52,2.0,5.42,PPQ,Clc1ccc2c(N3CCN(CCCN4CCN(c5ccnc6cc(Cl)ccc56)CC4)CC3)ccnc2c1,IC50,'=',29.0,nM,7.537602002,,,UO_0000065,0,CHEMBL1654530,organism-based format,,CHEMBL1649312,1,Scientific Literature,Antimicrob Agents Chemother,,"Antimalarial activity against Plasmodium falciparum IMT 10354 harboring Ppcrt M74I, N75E, K76T, A220S mutant gene, Pmdr1 D1246Y mutant gene assessed as incorporation of [3]H hypoxanthine after 48 hrs by scintillation counter",IMT 10354,,,,,
CHEMBL303933,PIPERAQUINE,3.0,535.52,2.0,5.42,PPQ,Clc1ccc2c(N3CCN(CCCN4CCN(c5ccnc6cc(Cl)ccc56)CC4)CC3)ccnc2c1,IC50,'=',46.0,nM,7.337242168,,,UO_0000065,0,CHEMBL1658514,organism-based format,,CHEMBL1649312,1,Scientific Literature,Antimicrob Agents Chemother,,"Antimalarial activity against Plasmodium falciparum IMT Bres harboring Ppcrt M74I, N75E, K76T, A220S, Q271E, N326S and I356T mutant gene, Pmdr1 N86Y mutant gene and Pfmrp H191Y and S437A mutant gene assessed as incorporation of [3]H hypoxanthine after 48 hrs by scintillation counter",IMT Bres,,,,,
CHEMBL5183052,,,466.63,1.0,5.15,33,CC1C2=CN3CCc4c([nH]c5ccc(O)cc45)C3CC2CC2C3C(CCN2C)c2ccccc2N13,IC50,'=',2000.0,nM,5.698970004,,,UO_0000065,0,CHEMBL5097876,organism-based format,,CHEMBL5096184,1,Scientific Literature,Eur J Med Chem,,Antiplasmodial activity against chloroquine resistant Plasmodium falciparum FCB1-R/Colombia,FcB1-R ,,,,,
CHEMBL269671,,,282.34,0.0,2.39,Artemisinin,C[C@@H]1CC[C@H]2[C@@H](C)C(=O)O[C@@H]3O[C@@]4(C)CC[C@@H]1[C@]32OO4,IC50,'=',51.6,nM,7.287350298,,,UO_0000065,0,CHEMBL1676422,organism-based format,,CHEMBL1671705,1,Scientific Literature,Antimicrob Agents Chemother,,Antimalarial activity against Plasmodium falciparum D10 harboring pfATP6 263E mutant assessed as inhibition of [3H]hypoxanthine incorporation,D10,,,,,
CHEMBL4165730,,,254.33,0.0,3.92,32,COc1ccc2c(c1)nc(CC(C)C)c1[nH]ccc12,IC50,'=',420.0,nM,6.37675071,,,UO_0000065,0,CHEMBL4150195,organism-based format,RBC,CHEMBL4145611,1,Scientific Literature,J Med Chem,,Antiplasmodial activity against chloroquine-sensitive trophozoite form of Plasmodium falciparum 3D7 infected in RBC after 72 hrs by SYBR green assay,3D7,,,,,
CHEMBL1487,ATORVASTATIN,4.0,558.65,2.0,6.31,AVA,CC(C)c1c(C(=O)Nc2ccccc2)c(-c2ccccc2)c(-c2ccc(F)cc2)n1CC[C@@H](O)C[C@@H](O)CC(=O)O,IC50,'=',2500.0,nM,5.602059991,,,UO_0000065,0,CHEMBL1667309,organism-based format,,CHEMBL1649448,1,Scientific Literature,Antimicrob Agents Chemother,,"Antimalarial activity against Plasmodium falciparum IMT A4 harboring Ppcrt M74I, N75E, K76T, A220H, Q271E, N326S and I356T mutant gene, Pmdr1 Y184F, N1042D, D1246Y mutant gene assessed as incorporation of [3H]hypoxanthine after 48 hrs by scintillation counter",IMT A4,,,,,
CHEMBL5313620,,,384.42,0.0,4.85,1798417,CN(C)C1(CNc2nc(C(F)(F)F)nc3cc(F)ccc23)CCCCCC1,IC50,'=',360.0,nM,6.443697499,,,UO_0000065,0,CHEMBL4888493,organism-based format,Erythrocyte,CHEMBL5308541,60, Malaria Hit Generation Library,ACS Med Chem Lett,CHEMBL3833281,"Re-testing in dose-response curve in 3D7 pLDH assay, at 72h",3D7,,,,,
CHEMBL585,TRIAMTERENE,4.0,253.27,0.0,0.83,"NCGC00023458-04, 12",Nc1nc(N)c2nc(-c3ccccc3)c(N)nc2n1,IC50,'=',60466.0,nM,4.21848876,,,UO_0000065,0,CHEMBL1267228,organism-based format,,CHEMBL1255382,1,Scientific Literature,Nat Chem Biol,,Antiplasmodial activity against Plasmodium falciparum DEV after 72 hrs by SYBR green assay,DEV,,,,,
CHEMBL585,TRIAMTERENE,4.0,253.27,0.0,0.83,"NCGC00023458-04, 12",Nc1nc(N)c2nc(-c3ccccc3)c(N)nc2n1,IC50,'=',5110.0,nM,5.2915791,,,UO_0000065,0,CHEMBL1267137,organism-based format,,CHEMBL1255382,1,Scientific Literature,Nat Chem Biol,,Antiplasmodial activity against Plasmodium falciparum JF11 after 72 hrs by SYBR green assay,JF11,,,,,
CHEMBL307261,,,284.35,0.0,2.19,DHA,C[C@H]1[C@@H](O)O[C@@H]2O[C@@]3(C)CC[C@H]4[C@H](C)CC[C@@H]1[C@@]24OO3,IC50,'=',3.3,nM,8.48148606,,,UO_0000065,0,CHEMBL1658399,organism-based format,,CHEMBL1649312,1,Scientific Literature,Antimicrob Agents Chemother,,Antimalarial activity against Plasmodium falciparum IMT 10500 assessed as inhibition of [3H] incorporation after 48 hrs by scintillation counter,IMT10500,,,,,
CHEMBL307261,,,284.35,0.0,2.19,DHA,C[C@H]1[C@@H](O)O[C@@H]2O[C@@]3(C)CC[C@H]4[C@H](C)CC[C@@H]1[C@@]24OO3,IC50,'=',0.9,nM,9.045757491,,,UO_0000065,0,CHEMBL1658404,organism-based format,,CHEMBL1649312,1,Scientific Literature,Antimicrob Agents Chemother,,Antimalarial activity against Plasmodium falciparum IMT L1 assessed as inhibition of [3H] incorporation after 48 hrs by scintillation counter,IMTL1,,,,,
CHEMBL307261,,,284.35,0.0,2.19,DHA,C[C@H]1[C@@H](O)O[C@@H]2O[C@@]3(C)CC[C@H]4[C@H](C)CC[C@@H]1[C@@]24OO3,IC50,'=',1.4,nM,8.853871964,,,UO_0000065,0,CHEMBL1658407,organism-based format,,CHEMBL1649312,1,Scientific Literature,Antimicrob Agents Chemother,,Antimalarial activity against Plasmodium falciparum D6 harboring Ppcrt I371R mutant gene assessed as incorporation of [3]H hypoxanthine after 48 hrs by scintillation counter,D6,,,,,
CHEMBL303933,PIPERAQUINE,3.0,535.52,2.0,5.42,PPQ,Clc1ccc2c(N3CCN(CCCN4CCN(c5ccnc6cc(Cl)ccc56)CC4)CC3)ccnc2c1,IC50,'=',53.0,nM,7.27572413,,,UO_0000065,0,CHEMBL1658409,organism-based format,,CHEMBL1649312,1,Scientific Literature,Antimicrob Agents Chemother,,"Antimalarial activity against Plasmodium falciparum FCR3 harboring Ppcrt M74I, N75E, K76T, A220S, Q271E, N326S and I356T mutant gene, Pmdr1 N86Y mutant gene and Pfmrp H191Y and S437A mutant gene assessed as incorporation of [3]H hypoxanthine after 48 hrs by scintillation counter",FcR3,,,,,
CHEMBL303933,PIPERAQUINE,3.0,535.52,2.0,5.42,PPQ,Clc1ccc2c(N3CCN(CCCN4CCN(c5ccnc6cc(Cl)ccc56)CC4)CC3)ccnc2c1,IC50,'=',56.0,nM,7.251811973,,,UO_0000065,0,CHEMBL1658396,organism-based format,,CHEMBL1649312,1,Scientific Literature,Antimicrob Agents Chemother,,Antimalarial activity against Plasmodium falciparum IMT 9881 assessed as inhibition of [3H] incorporation after 48 hrs by scintillation counter,IMT 9881,,,,,
CHEMBL269671,,,282.34,0.0,2.39,Artemisinin,C[C@@H]1CC[C@H]2[C@@H](C)C(=O)O[C@@H]3O[C@@]4(C)CC[C@@H]1[C@]32OO4,IC50,'=',20.7,nM,7.684029655,,,UO_0000065,0,CHEMBL1676419,organism-based format,,CHEMBL1671705,1,Scientific Literature,Antimicrob Agents Chemother,,Antimalarial activity against Plasmodium falciparum 7G8 harboring pfATP6 L263 mutant assessed as inhibition of [3H]hypoxanthine incorporation,7G8,,,,,
CHEMBL682,AMODIAQUINE,4.0,355.87,1.0,5.18,11,CCN(CC)Cc1cc(Nc2ccnc3cc(Cl)ccc23)ccc1O,IC50,'=',6.0,nM,8.22184875,,,UO_0000065,0,CHEMBL4002741,cell-based format,,CHEMBL4002546,1,Scientific Literature,Eur J Med Chem,,Antiplasmodial activity against chloroquine-resistant Plasmodium falciparum W2 infected in human A+ erythrocytes assessed as inhibition of [3H]-hypoxanthine incorporation after 42 hrs by beta counting method,W2,,,,,
CHEMBL585,TRIAMTERENE,4.0,253.27,0.0,0.83,"NCGC00023458-04, 12",Nc1nc(N)c2nc(-c3ccccc3)c(N)nc2n1,IC50,'=',3540.0,nM,5.450996738,,,UO_0000065,0,CHEMBL1267271,organism-based format,,CHEMBL1255382,1,Scientific Literature,Nat Chem Biol,,Antiplasmodial activity against Plasmodium falciparum QF5 after 72 hrs by SYBR green assay,QF5,,,,,
CHEMBL76,CHLOROQUINE,4.0,319.88,0.0,4.81,CQ,CCN(CC)CCCC(C)Nc1ccnc2cc(Cl)ccc12,IC50,'=',32.0,nM,7.494850022,,,UO_0000065,0,CHEMBL1263143,organism-based format,,CHEMBL1255275,1,Scientific Literature,Antimicrob Agents Chemother,,Antiparasitic activity against chloroquine-sensitive Plasmodium falciparum K1Hf by [3H]hypoxanthine incorporation assay,K1Hf,,,,,
CHEMBL269671,,,282.34,0.0,2.39,Artemisinin,C[C@@H]1CC[C@H]2[C@@H](C)C(=O)O[C@@H]3O[C@@]4(C)CC[C@@H]1[C@]32OO4,IC50,'=',10.0,nM,8.0,,,,0,CHEMBL762025,organism-based format,,CHEMBL1133927,1,Scientific Literature,Bioorg Med Chem Lett,,In vitro total parasite growth inhibition for chloroquine-sensitive Plasmodium falciparum FSH 14,FSH 14,,,,,
CHEMBL76,CHLOROQUINE,4.0,319.88,0.0,4.81,chloroquine,CCN(CC)CCCC(C)Nc1ccnc2cc(Cl)ccc12,IC50,'=',126.0,nM,6.899629455,,,UO_0000065,0,CHEMBL758310,organism-based format,,CHEMBL1136806,1,Scientific Literature,J Med Chem,,Antimalarial activity against Plasmodium falciparum FcB1,FcB1,,,,,
CHEMBL585,TRIAMTERENE,4.0,253.27,0.0,0.83,"NCGC00023458-04, 12",Nc1nc(N)c2nc(-c3ccccc3)c(N)nc2n1,IC50,'=',18063.0,nM,4.743210118,,,UO_0000065,0,CHEMBL1267264,organism-based format,,CHEMBL1255382,1,Scientific Literature,Nat Chem Biol,,Antiplasmodial activity against Plasmodium falciparum XE7 after 72 hrs by SYBR green assay,XE7,,,,,
CHEMBL585,TRIAMTERENE,4.0,253.27,0.0,0.83,"NCGC00023458-04, 12",Nc1nc(N)c2nc(-c3ccccc3)c(N)nc2n1,IC50,'=',49372.0,nM,4.30651928,,,UO_0000065,0,CHEMBL1267275,organism-based format,,CHEMBL1255382,1,Scientific Literature,Nat Chem Biol,,Antiplasmodial activity against Plasmodium falciparum JB8 after 72 hrs by SYBR green assay,JB8,,,,,
CHEMBL585,TRIAMTERENE,4.0,253.27,0.0,0.83,"NCGC00023458-04, 12",Nc1nc(N)c2nc(-c3ccccc3)c(N)nc2n1,IC50,'=',11246.0,nM,4.949001921,,,UO_0000065,0,CHEMBL1267261,organism-based format,,CHEMBL1255382,1,Scientific Literature,Nat Chem Biol,,Antiplasmodial activity against Plasmodium falciparum NIC after 72 hrs by SYBR green assay,NIC,,,,,
CHEMBL307261,,,284.35,0.0,2.19,Dihydroartemisinin,C[C@H]1[C@@H](O)O[C@@H]2O[C@@]3(C)CC[C@H]4[C@H](C)CC[C@@H]1[C@@]24OO3,IC50,'=',3.41,nM,8.467245621,,,UO_0000065,0,CHEMBL1676431,organism-based format,,CHEMBL1671705,1,Scientific Literature,Antimicrob Agents Chemother,,Antimalarial activity against Plasmodium falciparum D10 clone 1 harboring pfATP6 L263 mutant assessed as inhibition of [3H]hypoxanthine incorporation,D10,,,,,
CHEMBL307261,,,284.35,0.0,2.19,DHA,C[C@H]1[C@@H](O)O[C@@H]2O[C@@]3(C)CC[C@H]4[C@H](C)CC[C@@H]1[C@@]24OO3,IC50,'=',1.6,nM,8.795880017,,,UO_0000065,0,CHEMBL1658387,organism-based format,,CHEMBL1649312,1,Scientific Literature,Antimicrob Agents Chemother,,Antimalarial activity against Plasmodium falciparum FCR3 assessed as inhibition of [3H] incorporation after 48 hrs by scintillation counter,FcR3,,,,,
CHEMBL3416951,,,313.43,0.0,4.17,1,Cc1ccc(-c2cc3nc(NC(C)(C)C)[nH]c(=O)c3s2)cc1,IC50,'=',200.0,nM,6.698970004,,,UO_0000065,0,CHEMBL3419389,organism-based format,,CHEMBL3414541,1,Scientific Literature,Eur J Med Chem,,Antiplasmodial activity against multi-drug resistant Plasmodium falciparum K1 infected in human erythrocytes assessed as parasite growth inhibition after 72 hrs by SYBR Green I dye-based fluorescence assay,K1,,,,,
CHEMBL7568,QUINACRINE,2.0,399.97,1.0,5.97,Quinacrine,CCN(CC)CCCC(C)Nc1c2ccc(Cl)cc2nc2ccc(OC)cc12,IC50,'=',29.0,nM,7.537602002,,,UO_0000065,0,CHEMBL4391970,organism-based format,,CHEMBL4390668,1,Scientific Literature,J Med Chem,,Antimalarial activity against multidrug-resistant Plasmodium falciparum Dd2 infected in human erythrocytes by SYBR green 1-based fluorescence assay,Dd2,,,,,
CHEMBL64,ISONIAZID,4.0,137.14,0.0,-0.31,isoniazid,NNC(=O)c1ccncc1,IC50,'=',1800000.0,nM,2.744727495,Outside typical range,,UO_0000065,0,CHEMBL936740,organism-based format,,CHEMBL1145507,1,Scientific Literature,J Biol Chem,,Antimalarial activity against Plasmodium falciparum Dd2,Dd2,,,,,
CHEMBL585,TRIAMTERENE,4.0,253.27,0.0,0.83,"NCGC00023458-04, 12",Nc1nc(N)c2nc(-c3ccccc3)c(N)nc2n1,IC50,'=',22168.0,nM,4.654273487,,,UO_0000065,0,CHEMBL1267263,organism-based format,,CHEMBL1255382,1,Scientific Literature,Nat Chem Biol,,Antiplasmodial activity against Plasmodium falciparum D2 after 72 hrs by SYBR green assay,D2,,,,,
CHEMBL585,TRIAMTERENE,4.0,253.27,0.0,0.83,"NCGC00023458-04, 12",Nc1nc(N)c2nc(-c3ccccc3)c(N)nc2n1,IC50,'=',3294.0,nM,5.482276405,,,UO_0000065,0,CHEMBL1267269,organism-based format,,CHEMBL1255382,1,Scientific Literature,Nat Chem Biol,,Antiplasmodial activity against Plasmodium falciparum JON after 72 hrs by SYBR green assay,JON,,,,,
CHEMBL585,TRIAMTERENE,4.0,253.27,0.0,0.83,"NCGC00023458-04, 12",Nc1nc(N)c2nc(-c3ccccc3)c(N)nc2n1,IC50,'=',54210.0,nM,4.265920593,,,UO_0000065,0,CHEMBL1267257,organism-based format,,CHEMBL1255382,1,Scientific Literature,Nat Chem Biol,,Antiplasmodial activity against Plasmodium falciparum AUD after 72 hrs by SYBR green assay,AUD,,,,,
CHEMBL5309993,,,253.28,0.0,3.7,1799535,Nc1ccc(Nc2ccc(F)cc2)c2ccncc12,IC50,'=',7410.0,nM,5.130181792,,,UO_0000065,0,CHEMBL4888491,organism-based format,Erythrocyte,CHEMBL5308541,60, Malaria Hit Generation Library,ACS Med Chem Lett,CHEMBL3833281,"Hit confirmation in dose-response curve in NF54 nanoGlo assay, at 12h",NF54,,,,,
CHEMBL58972,,,304.21,1.0,0.7,13,O=C1c2cc(O)c(O)c(O)c2C(=O)c2cc(O)c(O)c(O)c21,IC50,'=',35.0,nM,7.455931956,,,UO_0000065,0,CHEMBL5113920,organism-based format,,CHEMBL5113376,1,Scientific Literature,Eur J Med Chem,,Antimalarial activity against wildtype Plasmodium falciparum D6 by 96-well microtitre plate method based scintillation counting analysis,D6,,,,,
CHEMBL361497,ARTESUNATE,4.0,384.43,0.0,2.6,AS,C[C@H]1[C@H](OC(=O)CCC(=O)O)O[C@@H]2O[C@@]3(C)CC[C@H]4[C@H](C)CC[C@@H]1[C@@]24OO3,IC50,'=',23.6,nM,7.627087997,,,UO_0000065,0,CHEMBL1676421,organism-based format,,CHEMBL1671705,1,Scientific Literature,Antimicrob Agents Chemother,,Antimalarial activity against Plasmodium falciparum D10 harboring pfATP6 L263 mutant assessed as inhibition of [3H]hypoxanthine incorporation,D10,,,,,
CHEMBL5314060,,,484.69,1.0,5.59,1800828,Cc1ccc(-c2cccc3c(C(=O)NCCCN4CCC(N5CCCCC5)CC4)cc(C)nc23)cc1,IC50,'=',1200.0,nM,5.920818754,,,UO_0000065,0,CHEMBL4888488,organism-based format,Erythrocyte,CHEMBL5308541,60, Malaria Hit Generation Library,ACS Med Chem Lett,CHEMBL3833281,"Hit confirmation in dose-response curve in NF54 nanoGlo assay, at 72h",NF54,,,,,
CHEMBL585,TRIAMTERENE,4.0,253.27,0.0,0.83,"NCGC00023458-04, 12",Nc1nc(N)c2nc(-c3ccccc3)c(N)nc2n1,IC50,'=',64808.0,nM,4.188371381,,,UO_0000065,0,CHEMBL1267266,organism-based format,,CHEMBL1255382,1,Scientific Literature,Nat Chem Biol,,Antiplasmodial activity against Plasmodium falciparum JH6 after 72 hrs by SYBR green assay,JH6,,,,,
CHEMBL6246,ELLAGIC ACID,2.0,302.19,0.0,1.31,9,O=c1oc2c(O)c(O)cc3c(=O)oc4c(O)c(O)cc1c4c23,IC50,'=',2800.0,nM,5.552841969,,,UO_0000065,0,CHEMBL5256987,organism-based format,,CHEMBL5252676,1,Scientific Literature,RSC Med Chem,,Antiplasmodial activity against chloroquine-sensitive Plasmodium falciparum 3D7 assessed as intraerythrocytic growth inhibition,3D7,,,,,
CHEMBL303933,PIPERAQUINE,3.0,535.52,2.0,5.42,PPQ,Clc1ccc2c(N3CCN(CCCN4CCN(c5ccnc6cc(Cl)ccc56)CC4)CC3)ccnc2c1,IC50,'=',75.0,nM,7.124938737,,,UO_0000065,0,CHEMBL1658516,organism-based format,,CHEMBL1649312,1,Scientific Literature,Antimicrob Agents Chemother,,"Antimalarial activity against Plasmodium falciparum IMT A4 harboring Ppcrt M74I, N75E, K76T, A220H, Q271E, N326S and I356T mutant gene, Pmdr1 Y184F, N1042D, D1246Y mutant gene assessed as incorporation of [3]H hypoxanthine after 48 hrs by scintillation counter",IMT A4,,,,,
CHEMBL5013338,,,320.32,0.0,3.03,1747723,FC(F)(F)C1CN(c2nc(-c3ccccn3)nc3c2CCC3)C1,IC50,'=',2450.0,nM,5.610833916,,,UO_0000065,0,CHEMBL4888489,organism-based format,Erythrocyte,CHEMBL4888484,60, Malaria Hit Generation Library,,CHEMBL3833281,"Hit confirmation in dose-response curve in NF54 pLDH assay, at 72h",NF54,,,,,
CHEMBL303933,PIPERAQUINE,3.0,535.52,2.0,5.42,PPQ,Clc1ccc2c(N3CCN(CCCN4CCN(c5ccnc6cc(Cl)ccc56)CC4)CC3)ccnc2c1,IC50,'=',48.0,nM,7.318758763,,,UO_0000065,0,CHEMBL1658394,organism-based format,,CHEMBL1649312,1,Scientific Literature,Antimicrob Agents Chemother,,Antimalarial activity against Plasmodium falciparum IMT 31 assessed as inhibition of [3H] incorporation after 48 hrs by scintillation counter,IMT 31,,,,,
CHEMBL585,TRIAMTERENE,4.0,253.27,0.0,0.83,"NCGC00023458-04, 12",Nc1nc(N)c2nc(-c3ccccc3)c(N)nc2n1,IC50,'=',56991.0,nM,4.244193723,,,UO_0000065,0,CHEMBL1267255,organism-based format,,CHEMBL1255382,1,Scientific Literature,Nat Chem Biol,,Antiplasmodial activity against Plasmodium falciparum XB3 after 72 hrs by SYBR green assay,XB3,,,,,
CHEMBL585,TRIAMTERENE,4.0,253.27,0.0,0.83,"NCGC00023458-04, 12",Nc1nc(N)c2nc(-c3ccccc3)c(N)nc2n1,IC50,'=',52491.0,nM,4.279915153,,,UO_0000065,0,CHEMBL1267276,organism-based format,,CHEMBL1255382,1,Scientific Literature,Nat Chem Biol,,Antiplasmodial activity against Plasmodium falciparum WC4 after 72 hrs by SYBR green assay,WC4,,,,,
CHEMBL269671,,,282.34,0.0,2.39,ART,C[C@@H]1CC[C@H]2[C@@H](C)C(=O)O[C@@H]3O[C@@]4(C)CC[C@@H]1[C@]32OO4,IC50,'=',9.9,nM,8.004364805,,,UO_0000065,0,CHEMBL1264457,organism-based format,,CHEMBL1255433,1,Scientific Literature,Antimicrob Agents Chemother,,Antiplasmodial activity against artemisinin-tolerant Plasmodium falciparum F32-Tanzania,F32,,,,,
CHEMBL2237712,,,288.35,0.0,4.74,A1,COc1ccc(/C=C/C(=O)c2cccc3ccccc23)cc1,IC50,'=',10000.0,nM,5.0,,,UO_0000065,0,CHEMBL3063284,single protein format,,CHEMBL3046787,1,Scientific Literature,Med Chem Res,,Inhibition of Plasmodium falciparum W2,W2,,,,,
CHEMBL585,TRIAMTERENE,4.0,253.27,0.0,0.83,"NCGC00023458-04, 12",Nc1nc(N)c2nc(-c3ccccc3)c(N)nc2n1,IC50,'=',44555.0,nM,4.351103552,,,UO_0000065,0,CHEMBL1267140,organism-based format,,CHEMBL1255382,1,Scientific Literature,Nat Chem Biol,,Antiplasmodial activity against Plasmodium falciparum WE2 after 72 hrs by SYBR green assay,WE2,,,,,
CHEMBL5312448,,,408.47,0.0,3.92,1802468,FC(F)(F)c1ccc(N2CCC[C@H](NC3CCN(Cc4ccco4)CC3)C2)nc1,IC50,'=',7590.0,nM,5.119758224,,,UO_0000065,0,CHEMBL4888489,organism-based format,Erythrocyte,CHEMBL5308541,60, Malaria Hit Generation Library,ACS Med Chem Lett,CHEMBL3833281,"Hit confirmation in dose-response curve in NF54 pLDH assay, at 72h",NF54,,,,,
CHEMBL307261,,,284.35,0.0,2.19,"1, DHA",C[C@H]1[C@@H](O)O[C@@H]2O[C@@]3(C)CC[C@H]4[C@H](C)CC[C@@H]1[C@@]24OO3,IC50,'=',0.7,nM,9.15490196,,,UO_0000065,0,CHEMBL1635927,organism-based format,,CHEMBL1629673,1,Scientific Literature,Antimicrob Agents Chemother,,Antiplasmodial activity against chloroquine-sensitive Plasmodium falciparum D10 harboring 7G8 pfcrt allele infected in erythrocytes assessed as [3H]hypoxanthine incorporation,D10,,,,,
CHEMBL303933,PIPERAQUINE,3.0,535.52,2.0,5.42,PPQ,Clc1ccc2c(N3CCN(CCCN4CCN(c5ccnc6cc(Cl)ccc56)CC4)CC3)ccnc2c1,IC50,'=',74.0,nM,7.13076828,,,UO_0000065,0,CHEMBL1654529,organism-based format,,CHEMBL1649312,1,Scientific Literature,Antimicrob Agents Chemother,,Antimalarial activity against Plasmodium falciparum IMT 10336 harboring Pfcrt Q271E mutant gene and Ppcrt I371R mutant gene assessed as incorporation of [3]H hypoxanthine after 48 hrs by scintillation counter,IMT 10336,,,,,
CHEMBL303933,PIPERAQUINE,3.0,535.52,2.0,5.42,PPQ,Clc1ccc2c(N3CCN(CCCN4CCN(c5ccnc6cc(Cl)ccc56)CC4)CC3)ccnc2c1,IC50,'=',63.0,nM,7.200659451,,,UO_0000065,0,CHEMBL1658515,organism-based format,,CHEMBL1649312,1,Scientific Literature,Antimicrob Agents Chemother,,"Antimalarial activity against Plasmodium falciparum IMT Guy harboring Ppcrt K76T, A220S, N326D and I371R mutant gene, Pmdr1 T184FN, 1042D and D1246Y, mutant gene and Pfmrp H191Y and S437A mutant gene and Pfnhe-1 ms4760 microsatellite mutant assessed as incorporation of [3]H hypoxanthine after 48 hrs by scintillation counter",IMT Guy,,,,,
CHEMBL303933,PIPERAQUINE,3.0,535.52,2.0,5.42,PPQ,Clc1ccc2c(N3CCN(CCCN4CCN(c5ccnc6cc(Cl)ccc56)CC4)CC3)ccnc2c1,IC50,'=',52.0,nM,7.283996656,,,UO_0000065,0,CHEMBL1658406,organism-based format,,CHEMBL1649312,1,Scientific Literature,Antimicrob Agents Chemother,,"Antimalarial activity against Plasmodium falciparum W2 harboring Ppcrt M74I, N75E, K76T, A220S, Q271E, N326S and I356T mutant gene, Pmdr1 N86Y mutant gene and Pfmrp H191Y and S437A mutant gene assessed as incorporation of [3]H hypoxanthine after 48 hrs by scintillation counter",W2,,,,,
CHEMBL5267539,,,588.78,2.0,6.82,4,C=C(CC1O[C@H]2O[C@@]3(C)CC[C@H]4[C@H](C)CC[C@@H]([C@H]1C)[C@@]24OO3)CC1O[C@H]2O[C@@]3(C)CC[C@H]4[C@H](C)CC[C@@H]([C@H]1C)[C@@]24OO3,IC50,'=',24.0,nM,7.619788758,,,UO_0000065,0,CHEMBL5257526,organism-based format,,CHEMBL5257025,1,Scientific Literature,J Med Chem,,Antiplasmodial activity against Plasmodium falciparum NF54 assessed as reduction in malarial growth,NF54,,,,,
CHEMBL361497,ARTESUNATE,4.0,384.43,0.0,2.6,AS,C[C@H]1[C@H](OC(=O)CCC(=O)O)O[C@@H]2O[C@@]3(C)CC[C@H]4[C@H](C)CC[C@@H]1[C@@]24OO3,IC50,'=',26.2,nM,7.581698709,,,UO_0000065,0,CHEMBL1676434,organism-based format,,CHEMBL1671705,1,Scientific Literature,Antimicrob Agents Chemother,,Antimalarial activity against Plasmodium falciparum D10 clone M1 harboring pfATP6 L263 mutant assessed as inhibition of [3H]hypoxanthine incorporation,D10,,,,,
CHEMBL5313530,,,370.59,0.0,2.8,1797951,CN1CCN(CCCCNC2CC3CCC(C2)N3Cc2ccccc2)CC1,IC50,'=',1010.0,nM,5.995678626,,,UO_0000065,0,CHEMBL4888493,organism-based format,Erythrocyte,CHEMBL5308541,60, Malaria Hit Generation Library,ACS Med Chem Lett,CHEMBL3833281,"Re-testing in dose-response curve in 3D7 pLDH assay, at 72h",3D7,,,,,
CHEMBL585,TRIAMTERENE,4.0,253.27,0.0,0.83,"NCGC00023458-04, 12",Nc1nc(N)c2nc(-c3ccccc3)c(N)nc2n1,IC50,'=',43663.0,nM,4.359886428,,,UO_0000065,0,CHEMBL1267256,organism-based format,,CHEMBL1255382,1,Scientific Literature,Nat Chem Biol,,Antiplasmodial activity against Plasmodium falciparum JC9 after 72 hrs by SYBR green assay,JC9,,,,,
CHEMBL585,TRIAMTERENE,4.0,253.27,0.0,0.83,"NCGC00023458-04, 12",Nc1nc(N)c2nc(-c3ccccc3)c(N)nc2n1,IC50,'=',75051.0,nM,4.124643517,,,UO_0000065,0,CHEMBL1267270,organism-based format,,CHEMBL1255382,1,Scientific Literature,Nat Chem Biol,,Antiplasmodial activity against Plasmodium falciparum NF10 after 72 hrs by SYBR green assay,NF10,,,,,
CHEMBL76,CHLOROQUINE,4.0,319.88,0.0,4.81,CQ,CCN(CC)CCCC(C)Nc1ccnc2cc(Cl)ccc12,IC50,'=',4.0,nM,8.397940009,,,UO_0000065,0,CHEMBL4310132,organism-based format,,CHEMBL4308849,1,Scientific Literature,J Med Chem,,Antimalarial activity against Plasmodium falciparum K1 infected in human erythrocytes preincubated for 48 hrs followed by [3H]-hypoxanthine addition and measured after 24 hrs by liquid scintillation counting,K1,,,,,
CHEMBL585,TRIAMTERENE,4.0,253.27,0.0,0.83,"NCGC00023458-04, 12",Nc1nc(N)c2nc(-c3ccccc3)c(N)nc2n1,IC50,'=',60436.0,nM,4.218704287,,,UO_0000065,0,CHEMBL1267139,organism-based format,,CHEMBL1255382,1,Scientific Literature,Nat Chem Biol,,Antiplasmodial activity against Plasmodium falciparum KC2 after 72 hrs by SYBR green assay,KC2,,,,,
CHEMBL170,QUININE,4.0,324.42,0.0,3.17,QN,C=C[C@H]1CN2CC[C@H]1C[C@H]2[C@H](O)c1ccnc2ccc(OC)cc12,IC50,'=',18.0,nM,7.744727495,,,UO_0000065,0,CHEMBL4193395,organism-based format,,CHEMBL4190314,1,Scientific Literature,Eur J Med Chem,,Antimalarial activity against Plasmodium falciparum 3D7 infected in human erythrocytes after 72 hrs by SYBR Green-1 staining based fluorescence assay,3D7,,,,,
CHEMBL585,TRIAMTERENE,4.0,253.27,0.0,0.83,"NCGC00023458-04, 12",Nc1nc(N)c2nc(-c3ccccc3)c(N)nc2n1,IC50,'=',4263.0,nM,5.370284667,,,UO_0000065,0,CHEMBL1267135,organism-based format,,CHEMBL1255382,1,Scientific Literature,Nat Chem Biol,,Antiplasmodial activity against Plasmodium falciparum JC3 after 72 hrs by SYBR green assay,JC3,,,,,
CHEMBL76,CHLOROQUINE,4.0,319.88,0.0,4.81,Chloroquine,CCN(CC)CCCC(C)Nc1ccnc2cc(Cl)ccc12,IC50,'=',16.0,nM,7.795880017,,,UO_0000065,0,CHEMBL4310133,organism-based format,,CHEMBL4308849,1,Scientific Literature,J Med Chem,,Antimalarial activity against Plasmodium falciparum NF54 infected in human erythrocytes preincubated for 48 hrs followed by [3H]-hypoxanthine addition and measured after 24 hrs by liquid scintillation counting,NF54,,,,,
CHEMBL1200633,IVERMECTIN,4.0,1736.18,,,Ivermectin,CC[C@H](C)[C@H]1O[C@]2(CC[C@@H]1C)C[C@@H]1C[C@@H](C/C=C(\C)[C@@H](O[C@H]3C[C@H](OC)[C@@H](O[C@H]4C[C@H](OC)[C@@H](O)[C@H](C)O4)[C@H](C)O3)[C@@H](C)/C=C/C=C3\CO[C@@H]4[C@H](O)C(C)=C[C@@H](C(=O)O1)[C@]34O)O2.CO[C@H]1C[C@H](O[C@H]2[C@H](C)O[C@@H](O[C@@H]3/C(C)=C/C[C@@H]4C[C@@H](C[C@]5(CC[C@H](C)[C@@H](C(C)C)O5)O4)OC(=O)[C@@H]4C=C(C)[C@@H](O)[C@H]5OC/C(=C\C=C\[C@@H]3C)[C@]54O)C[C@@H]2OC)O[C@@H](C)[C@@H]1O,IC50,'=',1560.0,nM,5.806875402,,,UO_0000065,0,CHEMBL5228155,organism-based format,,CHEMBL5226321,1,Scientific Literature,J Med Chem,,Antiplasmodial activity against asexual blood stage Plasmodium falciparum 3d7 assessed as parasite growth inhibition incubated for 48 hrs by bioluminescence assay,3D7,,,,,
CHEMBL8,CIPROFLOXACIN,4.0,331.35,0.0,1.58,CLP,O=C(O)c1cn(C2CC2)c2cc(N3CCNCC3)c(F)cc2c1=O,IC50,'=',31000.0,nM,4.508638306,,,UO_0000065,0,CHEMBL5244548,organism-based format,,CHEMBL5244209,1,Scientific Literature,Eur J Med Chem,,Antiplasmodial activity against asynchronous Plasmodium falciparum 3D7,3D7,,,,,
