Document ChEMBL ID,year
CHEMBL3997846,2017.0
CHEMBL1131600,1998.0
CHEMBL1127825,1994.0
CHEMBL1134369,2001.0
CHEMBL1149097,2004.0
CHEMBL1135059,2002.0
CHEMBL1145996,2003.0
CHEMBL4888484,2022.0
CHEMBL1134569,2001.0
CHEMBL1144696,2008.0
CHEMBL1135585,2002.0
CHEMBL1142398,2008.0
CHEMBL1134841,2001.0
CHEMBL1799932,2011.0
CHEMBL1811838,2011.0
CHEMBL1148453,2004.0
CHEMBL1131162,1998.0
CHEMBL1671820,2011.0
CHEMBL1671726,2010.0
CHEMBL1144599,2007.0
CHEMBL1681728,2011.0
CHEMBL2029228,2012.0
CHEMBL1649312,2010.0
CHEMBL1131341,1998.0
CHEMBL2010768,2011.0
CHEMBL3232725,2014.0
CHEMBL1629675,2009.0
CHEMBL2016476,2012.0
CHEMBL2146418,2012.0
CHEMBL1649448,2009.0
CHEMBL4834425,2021.0
CHEMBL4834426,2021.0
CHEMBL3120068,2014.0
CHEMBL3286148,2014.0
CHEMBL3098039,2014.0
CHEMBL1126302,1992.0
CHEMBL1137928,2004.0
CHEMBL1148452,2004.0
CHEMBL3259800,2014.0
CHEMBL1255382,2009.0
CHEMBL3232977,2014.0
CHEMBL3259704,2014.0
CHEMBL3286314,2014.0
CHEMBL1155951,2008.0
CHEMBL1140972,2008.0
CHEMBL3217635,2011.0
CHEMBL1136806,2003.0
CHEMBL2040800,2012.0
CHEMBL1641553,2011.0
CHEMBL3232804,2014.0
CHEMBL2029239,2012.0
CHEMBL2029230,2012.0
CHEMBL1641571,2011.0
CHEMBL2016447,2011.0
CHEMBL2021864,2012.0
CHEMBL1136364,2003.0
CHEMBL1137288,2006.0
CHEMBL1255309,2008.0
CHEMBL2021854,2012.0
CHEMBL1806406,2011.0
CHEMBL1142435,2008.0
CHEMBL4765324,2020.0
CHEMBL4765460,2020.0
CHEMBL1177693,2009.0
CHEMBL4765292,2020.0
CHEMBL1208779,2010.0
CHEMBL1145071,2003.0
CHEMBL1141084,2005.0
CHEMBL1147647,2006.0
CHEMBL1821712,2011.0
CHEMBL4665665,2019.0
CHEMBL2034827,2012.0
CHEMBL1135512,2002.0
CHEMBL1137111,2004.0
CHEMBL2086324,2012.0
CHEMBL2113921,
CHEMBL1135602,2002.0
CHEMBL1133105,2000.0
CHEMBL1138849,2004.0
CHEMBL1126070,1992.0
CHEMBL2057139,2012.0
CHEMBL1129934,1997.0
CHEMBL1145364,2007.0
CHEMBL4706546,2020.0
CHEMBL1687720,2009.0
CHEMBL1649241,2009.0
CHEMBL1641438,2011.0
CHEMBL1687739,2009.0
CHEMBL1641490,2011.0
CHEMBL1143955,2008.0
CHEMBL1649283,2009.0
CHEMBL2040813,2011.0
CHEMBL1142287,2008.0
CHEMBL1926599,2011.0
CHEMBL1649476,2009.0
CHEMBL1131415,1998.0
CHEMBL1135560,2002.0
CHEMBL1154474,2008.0
CHEMBL1131140,1998.0
CHEMBL1135534,2002.0
CHEMBL4390668,2019.0
CHEMBL3112540,2014.0
CHEMBL3112485,2014.0
CHEMBL2434842,2013.0
CHEMBL4138212,2018.0
CHEMBL3758154,2015.0
CHEMBL1138248,2007.0
CHEMBL3044897,2007.0
CHEMBL3108756,2014.0
CHEMBL1136081,2003.0
CHEMBL1147171,2007.0
CHEMBL3297665,2014.0
CHEMBL3813696,2016.0
CHEMBL3352505,2014.0
CHEMBL1142373,2008.0
CHEMBL4219162,2018.0
CHEMBL1132122,1999.0
CHEMBL3392977,2015.0
CHEMBL3352507,2014.0
CHEMBL1135594,2002.0
CHEMBL1149143,2004.0
CHEMBL1147584,2004.0
CHEMBL1158566,2010.0
CHEMBL1149205,2004.0
CHEMBL1134464,2001.0
CHEMBL1140898,2009.0
CHEMBL1135536,2002.0
CHEMBL3407490,2015.0
CHEMBL3399958,2015.0
CHEMBL3400088,2015.0
CHEMBL1177790,2010.0
CHEMBL1143522,2005.0
CHEMBL1687846,2011.0
CHEMBL3351535,2014.0
CHEMBL1155443,2010.0
CHEMBL1152744,2009.0
CHEMBL1152627,2009.0
CHEMBL2062381,2012.0
CHEMBL3351566,2014.0
CHEMBL3407342,2015.0
CHEMBL3400070,2015.0
CHEMBL1153593,2009.0
CHEMBL1177852,2010.0
CHEMBL1671704,2010.0
CHEMBL1671705,2010.0
CHEMBL1153083,2009.0
CHEMBL3259529,2014.0
CHEMBL1153115,2010.0
CHEMBL1137635,2007.0
CHEMBL1144511,2007.0
CHEMBL1132467,1999.0
CHEMBL1149757,2008.0
CHEMBL1139381,2009.0
CHEMBL1156420,2007.0
CHEMBL3259682,2014.0
CHEMBL1140279,2005.0
CHEMBL1157377,2007.0
CHEMBL1138331,2007.0
CHEMBL1240532,2010.0
CHEMBL1155453,2010.0
CHEMBL1142372,2008.0
CHEMBL1146201,2007.0
CHEMBL1147097,2007.0
CHEMBL1140975,2008.0
CHEMBL1138538,2007.0
CHEMBL1153081,2009.0
CHEMBL1153384,2009.0
CHEMBL1268944,2010.0
CHEMBL1150378,2008.0
CHEMBL1153706,2009.0
CHEMBL3102791,2014.0
CHEMBL1152414,2009.0
CHEMBL1142270,2008.0
CHEMBL1141653,2008.0
CHEMBL1140598,2007.0
CHEMBL1159089,2010.0
CHEMBL1141504,2008.0
CHEMBL1141474,2008.0
CHEMBL1155893,2008.0
CHEMBL3098028,2013.0
CHEMBL3085636,2013.0
CHEMBL1149840,2008.0
CHEMBL1150125,2002.0
CHEMBL2440077,2013.0
CHEMBL1143810,2007.0
CHEMBL3102808,2014.0
CHEMBL1137552,2007.0
CHEMBL3098117,2013.0
CHEMBL1148828,2007.0
CHEMBL2434884,2013.0
CHEMBL1157985,1999.0
CHEMBL1149084,2009.0
CHEMBL1926546,2012.0
CHEMBL1132310,1999.0
CHEMBL1158442,2009.0
CHEMBL1154680,2010.0
CHEMBL1143795,2007.0
CHEMBL1154601,2009.0
CHEMBL1149611,2007.0
CHEMBL1147526,2004.0
CHEMBL1949604,2012.0
CHEMBL1137430,2006.0
CHEMBL1156821,2010.0
CHEMBL1156777,2010.0
CHEMBL1146023,2006.0
CHEMBL1156771,2010.0
CHEMBL1287748,2010.0
CHEMBL2086295,2012.0
CHEMBL2069211,2012.0
CHEMBL1158572,2010.0
CHEMBL1138055,2006.0
CHEMBL2429868,2013.0
CHEMBL1138178,2006.0
CHEMBL1147781,2006.0
CHEMBL2429741,2013.0
CHEMBL1149674,2007.0
CHEMBL2385043,2013.0
CHEMBL1146137,2006.0
CHEMBL2417357,2013.0
CHEMBL2169755,2012.0
CHEMBL1145256,2005.0
CHEMBL4340555,2019.0
CHEMBL1147855,2007.0
CHEMBL4602727,2020.0
CHEMBL4619768,2020.0
CHEMBL1136720,2003.0
CHEMBL1147882,2007.0
CHEMBL1146897,2006.0
CHEMBL2163278,2012.0
CHEMBL2021782,2012.0
CHEMBL2040839,2012.0
CHEMBL1154742,2010.0
CHEMBL3351819,2015.0
CHEMBL1149128,2004.0
CHEMBL3414541,2015.0
CHEMBL1134377,2001.0
CHEMBL3400065,2015.0
CHEMBL3351876,2014.0
CHEMBL3351865,2014.0
CHEMBL3352040,2014.0
CHEMBL3351898,2015.0
CHEMBL5308541,2023.0
CHEMBL3351258,2015.0
CHEMBL1806452,2011.0
CHEMBL5120935,2022.0
CHEMBL5113376,2021.0
CHEMBL5113378,2022.0
CHEMBL1133897,2001.0
CHEMBL5120754,2022.0
CHEMBL3351935,2015.0
CHEMBL1800027,2011.0
CHEMBL5096157,2021.0
CHEMBL1781903,2011.0
CHEMBL1146633,2003.0
CHEMBL3352080,2014.0
CHEMBL5046276,2022.0
CHEMBL3120127,2014.0
CHEMBL1828581,2011.0
CHEMBL1138870,2006.0
CHEMBL1139844,2007.0
CHEMBL3102724,2014.0
CHEMBL1140860,2009.0
CHEMBL5032501,2021.0
CHEMBL1142519,2008.0
CHEMBL1140974,2008.0
CHEMBL1629555,2008.0
CHEMBL1157495,2008.0
CHEMBL1157424,2008.0
CHEMBL3085730,2013.0
CHEMBL5230155,2021.0
CHEMBL3112527,2014.0
CHEMBL5214895,2021.0
CHEMBL4422700,2019.0
CHEMBL4422657,2019.0
CHEMBL2407032,2013.0
CHEMBL4428069,2016.0
CHEMBL3217689,2013.0
CHEMBL2407058,2013.0
CHEMBL1681721,2011.0
CHEMBL5104230,2022.0
CHEMBL2417501,2013.0
CHEMBL5096178,2021.0
CHEMBL2407044,2013.0
CHEMBL5096184,2021.0
CHEMBL5113394,2022.0
CHEMBL5104092,2021.0
CHEMBL5137130,2022.0
CHEMBL2412968,2013.0
CHEMBL5233251,2020.0
CHEMBL5230095,2020.0
CHEMBL5233261,2021.0
CHEMBL1133696,2000.0
CHEMBL1134883,2002.0
CHEMBL2034950,2012.0
CHEMBL5233235,2020.0
CHEMBL1134176,2001.0
CHEMBL3259771,2014.0
CHEMBL2321781,2013.0
CHEMBL1128219,1995.0
CHEMBL2040840,2012.0
CHEMBL5244272,2021.0
CHEMBL3779822,2016.0
CHEMBL3868603,2017.0
CHEMBL1134600,2001.0
CHEMBL5241075,2021.0
CHEMBL5236628,2022.0
CHEMBL1212815,2010.0
CHEMBL3600347,2015.0
CHEMBL3603813,2015.0
CHEMBL3603824,2015.0
CHEMBL1152671,2009.0
CHEMBL1152572,2009.0
CHEMBL1153556,2008.0
CHEMBL1153541,2009.0
CHEMBL5352391,2022.0
CHEMBL1144904,2003.0
CHEMBL1649193,2009.0
CHEMBL1132557,1999.0
CHEMBL1629606,2009.0
CHEMBL1152566,2009.0
CHEMBL1157552,2010.0
CHEMBL1649566,2009.0
CHEMBL1159040,2010.0
CHEMBL1255487,2010.0
CHEMBL1649199,2009.0
CHEMBL2401699,2013.0
CHEMBL3124877,2013.0
CHEMBL2412993,2013.0
CHEMBL1166001,2010.0
CHEMBL1151838,2009.0
CHEMBL1150767,2008.0
CHEMBL1154986,2010.0
CHEMBL2429811,2013.0
CHEMBL1155825,2008.0
CHEMBL1136166,2003.0
CHEMBL1759987,2011.0
CHEMBL1124063,1988.0
CHEMBL1158370,2009.0
CHEMBL5154763,2022.0
CHEMBL1133112,2000.0
CHEMBL1156343,2001.0
CHEMBL1143376,2009.0
CHEMBL1144785,2008.0
CHEMBL1143267,2009.0
CHEMBL1155642,2000.0
CHEMBL1136509,2003.0
CHEMBL1132443,1999.0
CHEMBL1150170,2002.0
CHEMBL1153093,2009.0
CHEMBL1157812,2010.0
CHEMBL1154850,2010.0
CHEMBL1133629,2000.0
CHEMBL1135107,2002.0
CHEMBL1134480,2001.0
CHEMBL3217739,2011.0
CHEMBL1949634,2012.0
CHEMBL1208714,2010.0
CHEMBL1255291,2008.0
CHEMBL1130787,1998.0
CHEMBL1154138,2008.0
CHEMBL1123447,1986.0
CHEMBL1156797,2010.0
CHEMBL1132419,1999.0
CHEMBL1154711,2010.0
CHEMBL1154702,2009.0
CHEMBL1770070,2011.0
CHEMBL1275366,2010.0
CHEMBL1150240,2008.0
CHEMBL1139863,2007.0
CHEMBL1148880,2007.0
CHEMBL1926505,2011.0
CHEMBL1140574,2007.0
CHEMBL4118254,2018.0
CHEMBL2401618,2013.0
CHEMBL2407056,2013.0
CHEMBL2046333,2012.0
CHEMBL1629673,2009.0
CHEMBL1944516,2012.0
CHEMBL2375321,2013.0
CHEMBL1933034,2012.0
CHEMBL1153961,2009.0
CHEMBL1926676,2011.0
CHEMBL1926628,2012.0
CHEMBL1926586,2011.0
CHEMBL1926568,2012.0
CHEMBL1240396,2010.0
CHEMBL1155437,2010.0
CHEMBL1938376,2012.0
CHEMBL1137279,2006.0
CHEMBL1926596,2011.0
CHEMBL1177787,2010.0
CHEMBL5223185,2023.0
CHEMBL1177653,2010.0
CHEMBL1150424,2008.0
CHEMBL1142205,2007.0
CHEMBL1153933,2009.0
CHEMBL1153423,2009.0
CHEMBL1156632,2008.0
CHEMBL1150107,2002.0
CHEMBL1150299,2008.0
CHEMBL1153346,2009.0
CHEMBL4673175,2020.0
CHEMBL3603753,2015.0
CHEMBL4007490,2017.0
CHEMBL1139313,2009.0
CHEMBL4834468,2021.0
CHEMBL4364300,2019.0
CHEMBL4411274,2019.0
CHEMBL4382286,2019.0
CHEMBL3992561,2017.0
CHEMBL3832761,
CHEMBL3997803,2017.0
CHEMBL1139001,2006.0
CHEMBL4480402,2019.0
CHEMBL3813673,2016.0
CHEMBL4024765,2017.0
CHEMBL4138228,2018.0
CHEMBL4130364,2017.0
CHEMBL3785001,2016.0
CHEMBL4020729,2017.0
CHEMBL1158758,2005.0
CHEMBL1138479,2009.0
CHEMBL1129389,1996.0
CHEMBL4406897,2019.0
CHEMBL4007393,2017.0
CHEMBL4041542,2017.0
CHEMBL4190314,2017.0
CHEMBL4052706,2017.0
CHEMBL4145611,2018.0
CHEMBL4052668,2017.0
CHEMBL4017499,2017.0
CHEMBL4038319,2017.0
CHEMBL2086373,2012.0
CHEMBL4011605,2017.0
CHEMBL4011606,2017.0
CHEMBL3351948,2014.0
CHEMBL3352368,2014.0
CHEMBL1157479,2008.0
CHEMBL3352628,2014.0
CHEMBL4052633,2017.0
CHEMBL4371072,2019.0
CHEMBL1811834,2011.0
CHEMBL4251712,2018.0
CHEMBL4325930,2018.0
CHEMBL4043297,2018.0
CHEMBL1828516,2011.0
CHEMBL1833875,2011.0
CHEMBL2092589,2012.0
CHEMBL1833836,2011.0
CHEMBL2086283,2012.0
CHEMBL4325862,2019.0
CHEMBL4152256,2018.0
CHEMBL1137178,2004.0
CHEMBL3774384,2015.0
CHEMBL4177676,2017.0
CHEMBL1833917,2011.0
CHEMBL4706622,2021.0
CHEMBL1139619,2005.0
CHEMBL4371057,2019.0
CHEMBL4184318,2018.0
CHEMBL3739421,2015.0
CHEMBL4382273,2018.0
CHEMBL3739389,2015.0
CHEMBL4334542,2020.0
CHEMBL4834407,2021.0
CHEMBL2311413,2013.0
CHEMBL2331413,2013.0
CHEMBL2150944,2012.0
CHEMBL4680146,2020.0
CHEMBL4043245,2017.0
CHEMBL4828745,2021.0
CHEMBL4699524,2020.0
CHEMBL3616374,2015.0
CHEMBL4145525,2018.0
CHEMBL4002646,2017.0
CHEMBL3758173,2016.0
CHEMBL3632470,2015.0
CHEMBL4837227,2021.0
CHEMBL1135339,2002.0
CHEMBL3399940,2015.0
CHEMBL3400138,2015.0
CHEMBL3400128,2015.0
CHEMBL3596171,2015.0
CHEMBL4837244,2021.0
CHEMBL4808251,2021.0
CHEMBL2346658,2013.0
CHEMBL3351532,2014.0
CHEMBL3091350,2013.0
CHEMBL3813603,2016.0
CHEMBL5370559,2023.0
CHEMBL5252581,2023.0
CHEMBL5244209,2018.0
CHEMBL4715768,2016.0
CHEMBL3102749,2014.0
CHEMBL5241067,2021.0
CHEMBL1152574,2009.0
CHEMBL4325848,2019.0
CHEMBL3414562,2015.0
CHEMBL1141794,2005.0
CHEMBL3351941,2014.0
CHEMBL1156268,2010.0
CHEMBL4602686,2020.0
CHEMBL1156965,2010.0
CHEMBL2440053,2013.0
CHEMBL2417386,2013.0
CHEMBL1773055,2011.0
CHEMBL4138134,2018.0
CHEMBL4130585,2017.0
CHEMBL1833904,2011.0
CHEMBL3124784,2014.0
CHEMBL3425465,2015.0
CHEMBL1153737,2010.0
CHEMBL1212900,2010.0
CHEMBL5335864,2024.0
CHEMBL1140918,2009.0
CHEMBL1212869,2010.0
CHEMBL5120766,2022.0
CHEMBL1212832,2010.0
CHEMBL5149966,2021.0
CHEMBL1250425,2010.0
CHEMBL1155965,2009.0
CHEMBL1275325,2010.0
CHEMBL5360535,2023.0
CHEMBL4219166,2018.0
CHEMBL1157686,2010.0
CHEMBL4814004,2021.0
CHEMBL4002579,2016.0
CHEMBL3751754,2016.0
CHEMBL2434856,2013.0
CHEMBL1949593,2012.0
CHEMBL5137019,2022.0
CHEMBL1649477,2009.0
CHEMBL4038265,2017.0
CHEMBL4000152,2016.0
CHEMBL1649414,2011.0
CHEMBL2424603,2013.0
CHEMBL4130608,2018.0
CHEMBL3351756,2014.0
CHEMBL1128338,1995.0
CHEMBL3352664,2014.0
CHEMBL1914285,2011.0
CHEMBL1926620,2011.0
CHEMBL3352680,2014.0
CHEMBL3297698,2014.0
CHEMBL1944616,2012.0
CHEMBL1671701,2010.0
CHEMBL1124338,1989.0
CHEMBL1157804,2010.0
CHEMBL1177686,2010.0
CHEMBL2429746,2013.0
CHEMBL1221362,2010.0
CHEMBL3259525,2014.0
CHEMBL4000213,2017.0
CHEMBL3797121,2016.0
CHEMBL4007504,2017.0
CHEMBL1126954,1993.0
CHEMBL3132801,2013.0
CHEMBL1137739,2009.0
CHEMBL1151311,1998.0
CHEMBL3112435,2014.0
CHEMBL3120101,2014.0
CHEMBL3769361,2016.0
CHEMBL5244275,2021.0
CHEMBL1133601,2000.0
CHEMBL4004888,2017.0
CHEMBL4411264,2018.0
CHEMBL1140714,2008.0
CHEMBL4038305,2017.0
CHEMBL3808317,2016.0
CHEMBL1146034,2006.0
CHEMBL3396954,2015.0
CHEMBL3826907,2016.0
CHEMBL4004859,2017.0
CHEMBL2375221,2013.0
CHEMBL1153871,2009.0
CHEMBL4325926,2018.0
CHEMBL1212858,2010.0
CHEMBL4359849,2019.0
CHEMBL1914447,2011.0
CHEMBL4414627,2019.0
CHEMBL4334514,2019.0
CHEMBL3875207,2017.0
CHEMBL1141306,2007.0
CHEMBL1137305,2006.0
CHEMBL1914412,2011.0
CHEMBL1139741,2006.0
CHEMBL1212893,2010.0
CHEMBL1212855,2010.0
CHEMBL1212856,2010.0
CHEMBL4043138,2017.0
CHEMBL4118288,2018.0
CHEMBL3585310,2014.0
CHEMBL1137637,2007.0
CHEMBL2390834,2013.0
CHEMBL4038349,2017.0
CHEMBL1154268,2009.0
CHEMBL2407070,2013.0
CHEMBL1152746,2009.0
CHEMBL2057124,2012.0
CHEMBL1158069,2006.0
CHEMBL4732218,2021.0
CHEMBL4732220,2021.0
CHEMBL1136428,2003.0
CHEMBL3817764,2016.0
CHEMBL3826916,2016.0
CHEMBL3822443,2016.0
CHEMBL4190368,2017.0
CHEMBL4011644,2017.0
CHEMBL3867429,2016.0
CHEMBL3286184,2014.0
CHEMBL4229360,2018.0
CHEMBL5257025,2016.0
CHEMBL1141590,2008.0
CHEMBL3611995,2015.0
CHEMBL1828514,2011.0
CHEMBL4000146,2015.0
CHEMBL1155781,2008.0
CHEMBL1150413,2008.0
CHEMBL1152663,2009.0
CHEMBL1155550,2010.0
CHEMBL4715789,2016.0
CHEMBL1158751,2005.0
CHEMBL1136884,2009.0
CHEMBL1153885,2009.0
CHEMBL1152965,2009.0
CHEMBL4196051,2018.0
CHEMBL4715911,2021.0
CHEMBL1158073,2006.0
CHEMBL1649447,2009.0
CHEMBL4118195,2018.0
CHEMBL1154458,2008.0
CHEMBL1154490,2008.0
CHEMBL4130371,2017.0
CHEMBL4118268,2018.0
CHEMBL4004786,2017.0
CHEMBL1131602,1998.0
CHEMBL4177615,2017.0
CHEMBL4004799,2017.0
CHEMBL4627294,2020.0
CHEMBL1795212,2011.0
CHEMBL4130616,2018.0
CHEMBL1800038,2011.0
CHEMBL3217417,2012.0
CHEMBL5108065,2022.0
CHEMBL3124919,2014.0
CHEMBL3588788,2015.0
CHEMBL1142098,2007.0
CHEMBL1152411,2009.0
CHEMBL1777756,2010.0
CHEMBL1773068,2011.0
CHEMBL1772969,2011.0
CHEMBL1143054,2007.0
CHEMBL1125960,1991.0
CHEMBL1667763,2011.0
CHEMBL1667784,2011.0
CHEMBL1667740,2011.0
CHEMBL1777683,2011.0
CHEMBL1782052,2009.0
CHEMBL3593187,2015.0
CHEMBL1777802,2010.0
CHEMBL3596109,2015.0
CHEMBL1770125,2011.0
CHEMBL1821638,2011.0
CHEMBL3600329,2015.0
CHEMBL3600290,2015.0
CHEMBL2331223,2013.0
CHEMBL2311439,2013.0
CHEMBL1133466,2000.0
CHEMBL1128802,1995.0
CHEMBL1817607,2011.0
CHEMBL2331079,2013.0
CHEMBL1149086,2004.0
CHEMBL4052727,2017.0
CHEMBL1128975,1996.0
CHEMBL1817565,2011.0
CHEMBL4177705,2018.0
CHEMBL1139892,2007.0
CHEMBL1938395,2012.0
CHEMBL1127823,1994.0
CHEMBL1156683,2008.0
CHEMBL1146140,2006.0
CHEMBL4699593,2020.0
CHEMBL1156663,2008.0
CHEMBL3877253,2017.0
CHEMBL5143708,2022.0
CHEMBL1153608,2009.0
CHEMBL4152321,2018.0
CHEMBL2203201,2012.0
CHEMBL1140092,2008.0
CHEMBL2203282,2012.0
CHEMBL1135984,2002.0
CHEMBL3860063,2016.0
CHEMBL4196192,2018.0
CHEMBL3763022,2016.0
CHEMBL3758142,2016.0
CHEMBL1154273,2009.0
CHEMBL1153338,2009.0
CHEMBL3758104,2016.0
CHEMBL2331420,2013.0
CHEMBL1153303,2009.0
CHEMBL2311357,2013.0
CHEMBL3600328,2015.0
CHEMBL4219245,2018.0
CHEMBL1141703,2008.0
CHEMBL4699462,2020.0
CHEMBL1157876,2010.0
CHEMBL4715722,2016.0
CHEMBL1156312,2010.0
CHEMBL1157913,2010.0
CHEMBL4808169,2021.0
CHEMBL1667753,2011.0
CHEMBL5053494,2021.0
CHEMBL1159310,2002.0
CHEMBL4052596,2017.0
CHEMBL2385001,2013.0
CHEMBL4411312,2019.0
CHEMBL2434909,2013.0
CHEMBL4145548,2018.0
CHEMBL3132842,2014.0
CHEMBL2390934,2013.0
CHEMBL4138156,2018.0
CHEMBL3217563,2011.0
CHEMBL1773006,2011.0
CHEMBL4334549,2020.0
CHEMBL4334450,2019.0
CHEMBL4354848,2020.0
CHEMBL4350969,2019.0
CHEMBL4382238,2019.0
CHEMBL1687707,2008.0
CHEMBL4354841,2020.0
CHEMBL4346733,2019.0
CHEMBL3785004,2016.0
CHEMBL1155029,2008.0
CHEMBL1142472,2008.0
CHEMBL1828585,2011.0
CHEMBL1833920,2011.0
CHEMBL3576795,2015.0
CHEMBL4732090,2021.0
CHEMBL1641498,2011.0
CHEMBL1157528,2008.0
CHEMBL3600384,2015.0
CHEMBL1156407,2002.0
CHEMBL3351583,2014.0
CHEMBL3813626,2016.0
CHEMBL3603782,2015.0
CHEMBL2169878,2012.0
CHEMBL3734670,2015.0
CHEMBL3132816,2013.0
CHEMBL3217596,2012.0
CHEMBL4425090,2016.0
CHEMBL4017462,2017.0
CHEMBL3994624,2017.0
CHEMBL1153118,2010.0
CHEMBL5325415,2023.0
CHEMBL5385862,2023.0
CHEMBL3862008,2016.0
CHEMBL4004787,2017.0
CHEMBL3580576,2015.0
CHEMBL1152993,2008.0
CHEMBL4138249,2018.0
CHEMBL5154649,2022.0
CHEMBL3124773,2014.0
CHEMBL5260825,2018.0
CHEMBL4177574,2017.0
CHEMBL2040808,2012.0
CHEMBL1944576,2012.0
CHEMBL4725496,2020.0
CHEMBL5257034,2016.0
CHEMBL2396601,2013.0
CHEMBL1667840,2011.0
CHEMBL1671669,2009.0
CHEMBL4819108,2021.0
CHEMBL5034012,2021.0
CHEMBL3758159,2016.0
CHEMBL3865826,2016.0
CHEMBL3588832,2014.0
CHEMBL3580590,2015.0
CHEMBL3580633,2015.0
CHEMBL3580552,2015.0
CHEMBL3992507,2017.0
CHEMBL4706683,2021.0
CHEMBL3352504,2014.0
CHEMBL3352586,2014.0
CHEMBL3616449,2015.0
CHEMBL2380285,2013.0
CHEMBL4699468,2020.0
CHEMBL3352710,2014.0
CHEMBL3585332,2015.0
CHEMBL3297686,2014.0
CHEMBL2384990,2013.0
CHEMBL1143174,2008.0
CHEMBL4808174,2021.0
CHEMBL1138206,2006.0
CHEMBL4732035,2021.0
CHEMBL4732215,2021.0
CHEMBL1148152,2004.0
CHEMBL1142969,2007.0
CHEMBL1148739,2007.0
CHEMBL1154767,2010.0
CHEMBL1154607,2009.0
CHEMBL4138198,2018.0
CHEMBL4330086,2019.0
CHEMBL1138267,2007.0
CHEMBL1287658,2010.0
CHEMBL4425082,2016.0
CHEMBL4024795,2018.0
CHEMBL5036370,2022.0
CHEMBL1149667,2007.0
CHEMBL4392851,2019.0
CHEMBL4390651,2019.0
CHEMBL3632484,2015.0
CHEMBL3600375,2015.0
CHEMBL1649141,2009.0
CHEMBL1154278,2009.0
CHEMBL4002546,2017.0
CHEMBL1143854,2007.0
CHEMBL1144346,2005.0
CHEMBL2434851,2013.0
CHEMBL2440073,2013.0
CHEMBL1142355,2008.0
CHEMBL4138238,2018.0
CHEMBL1153610,2009.0
CHEMBL1143839,2007.0
CHEMBL4184121,2018.0
CHEMBL5230103,2020.0
CHEMBL4428041,2016.0
CHEMBL1221400,2010.0
CHEMBL1143339,2009.0
CHEMBL1221407,2010.0
CHEMBL5252676,2023.0
CHEMBL3632462,2015.0
CHEMBL1147246,2003.0
CHEMBL5329153,2023.0
CHEMBL1158154,2008.0
CHEMBL4819148,2021.0
CHEMBL1158484,2009.0
CHEMBL4814069,2021.0
CHEMBL4811220,2021.0
CHEMBL5120775,2022.0
CHEMBL4715746,2016.0
CHEMBL3875172,2016.0
CHEMBL5360542,2023.0
CHEMBL3880414,2010.0
CHEMBL5316369,2023.0
CHEMBL5360578,2023.0
CHEMBL3627632,2015.0
CHEMBL5356935,2023.0
CHEMBL5356991,2023.0
CHEMBL2146461,2012.0
CHEMBL1287698,2010.0
CHEMBL1287677,2010.0
CHEMBL1641386,2010.0
CHEMBL4828716,2021.0
CHEMBL1275290,2010.0
CHEMBL4837267,2021.0
CHEMBL3352608,2014.0
CHEMBL1770072,2011.0
CHEMBL4138068,2017.0
CHEMBL1212705,2008.0
CHEMBL4138199,2018.0
CHEMBL1141393,2007.0
CHEMBL1671856,2008.0
CHEMBL1141639,2008.0
CHEMBL2311512,2013.0
CHEMBL2311481,2013.0
CHEMBL2311266,2013.0
CHEMBL4043294,2018.0
CHEMBL3120140,2014.0
CHEMBL4613213,2020.0
CHEMBL3813611,2016.0
CHEMBL1649433,2009.0
CHEMBL1150215,2001.0
CHEMBL3861949,2016.0
CHEMBL5120753,2022.0
CHEMBL1157095,2010.0
CHEMBL3612004,2015.0
CHEMBL4480447,2019.0
CHEMBL5104154,2022.0
CHEMBL3603793,2015.0
CHEMBL1156079,2009.0
CHEMBL3872286,2017.0
CHEMBL1141293,2007.0
CHEMBL3870335,2017.0
CHEMBL3779855,2016.0
CHEMBL5241051,2021.0
CHEMBL1139558,2005.0
CHEMBL1146351,2007.0
CHEMBL4373728,2019.0
CHEMBL2434967,2013.0
CHEMBL1149610,2007.0
CHEMBL5321198,2023.0
CHEMBL3763067,2016.0
CHEMBL3414444,2015.0
CHEMBL4184117,2018.0
CHEMBL1144579,2007.0
CHEMBL1142150,2007.0
CHEMBL1143259,2008.0
CHEMBL1136644,2003.0
CHEMBL1140735,2008.0
CHEMBL4130402,2017.0
CHEMBL1137548,2007.0
CHEMBL4622966,2020.0
CHEMBL3576762,2015.0
CHEMBL3992514,2017.0
CHEMBL5360550,2023.0
CHEMBL5370614,2023.0
CHEMBL1148505,2006.0
CHEMBL3414483,2015.0
CHEMBL3421610,2015.0
CHEMBL4339222,2019.0
CHEMBL4138210,2018.0
CHEMBL1777784,2011.0
CHEMBL1777678,2011.0
CHEMBL3217701,2012.0
CHEMBL1240313,2006.0
CHEMBL3792287,2016.0
CHEMBL3351943,2014.0
CHEMBL3352076,2014.0
CHEMBL3797182,2016.0
CHEMBL3813669,2016.0
CHEMBL3392980,2015.0
CHEMBL1137345,2006.0
CHEMBL3351235,2014.0
CHEMBL2069175,2012.0
CHEMBL1150779,2008.0
CHEMBL2057190,2012.0
CHEMBL4732239,2021.0
CHEMBL1149817,2008.0
CHEMBL1149909,2008.0
CHEMBL3232776,2014.0
CHEMBL4627349,2020.0
CHEMBL4368895,2019.0
CHEMBL4376849,2020.0
CHEMBL2331443,2013.0
CHEMBL3046546,2011.0
CHEMBL4261502,2017.0
CHEMBL3580559,2015.0
CHEMBL4342516,2020.0
CHEMBL4190194,2017.0
CHEMBL1143929,2008.0
CHEMBL1157129,2010.0
CHEMBL4145624,2018.0
CHEMBL2331487,2013.0
CHEMBL4145568,2018.0
CHEMBL4257512,2018.0
CHEMBL1153785,2009.0
CHEMBL4325903,2019.0
CHEMBL2311460,2013.0
CHEMBL1151818,2009.0
CHEMBL2331226,2013.0
CHEMBL1156431,2007.0
CHEMBL1148256,2004.0
CHEMBL3046787,2012.0
CHEMBL3259693,2014.0
CHEMBL3232972,2014.0
CHEMBL4308877,2019.0
CHEMBL4311997,2019.0
CHEMBL4406820,2019.0
CHEMBL2413038,2013.0
CHEMBL4270646,2018.0
CHEMBL1811885,2011.0
CHEMBL2434892,2013.0
CHEMBL4390670,2019.0
CHEMBL4368928,2019.0
CHEMBL2331171,2013.0
CHEMBL2331463,2013.0
CHEMBL1806493,2011.0
CHEMBL3286095,2014.0
CHEMBL2331318,2013.0
CHEMBL4376805,2019.0
CHEMBL4308849,2018.0
CHEMBL1759873,2011.0
CHEMBL3217673,2012.0
CHEMBL3862027,2016.0
CHEMBL2176997,2012.0
CHEMBL2177020,2012.0
CHEMBL4270535,2018.0
CHEMBL4266001,2018.0
CHEMBL1687894,2011.0
CHEMBL2331228,2013.0
CHEMBL1765028,2011.0
CHEMBL2413007,2013.0
CHEMBL2417506,2013.0
CHEMBL4325824,2018.0
CHEMBL3217710,2012.0
CHEMBL3217655,2012.0
CHEMBL2390835,2013.0
CHEMBL2321688,2013.0
CHEMBL2321657,2013.0
CHEMBL3286299,2014.0
CHEMBL3576798,2015.0
CHEMBL2311477,2013.0
CHEMBL1909597,2011.0
CHEMBL4270551,2018.0
CHEMBL4229376,2018.0
CHEMBL3352032,2014.0
CHEMBL3091453,2013.0
CHEMBL4825701,2021.0
CHEMBL2311414,2013.0
CHEMBL2034875,2012.0
CHEMBL5331119,2023.0
CHEMBL2331468,2013.0
CHEMBL2176898,2011.0
CHEMBL4364320,2019.0
CHEMBL1153331,2009.0
CHEMBL1155337,2009.0
CHEMBL4145616,2018.0
CHEMBL1139394,2008.0
CHEMBL4145579,2018.0
CHEMBL4265980,2018.0
CHEMBL4130575,2017.0
CHEMBL1158825,2005.0
CHEMBL4261592,2018.0
CHEMBL2407025,2013.0
CHEMBL4265952,2018.0
CHEMBL1154149,2009.0
CHEMBL2311534,2013.0
CHEMBL4266046,2018.0
CHEMBL4402530,2019.0
CHEMBL3108704,2014.0
CHEMBL2176899,2012.0
CHEMBL2321705,2013.0
CHEMBL1150789,2007.0
CHEMBL1800050,2011.0
CHEMBL3286295,2014.0
CHEMBL3352629,2015.0
CHEMBL2176916,2012.0
CHEMBL5247624,2022.0
CHEMBL1143659,2007.0
CHEMBL3627607,2015.0
CHEMBL5244217,2018.0
CHEMBL5252643,2023.0
CHEMBL1914364,2011.0
CHEMBL4354789,2019.0
CHEMBL1147098,2007.0
CHEMBL4311966,2019.0
CHEMBL2440016,2013.0
CHEMBL1143585,2005.0
CHEMBL1773047,2011.0
CHEMBL1770111,2011.0
CHEMBL3232740,2014.0
CHEMBL3414460,2015.0
CHEMBL4118047,2017.0
CHEMBL4043116,2017.0
CHEMBL4414669,2019.0
CHEMBL4425159,2016.0
CHEMBL4316637,2019.0
CHEMBL4316625,2019.0
CHEMBL1136149,2003.0
CHEMBL4480462,2019.0
CHEMBL1144274,2005.0
CHEMBL5344418,2023.0
CHEMBL1155459,2009.0
CHEMBL1159062,2010.0
CHEMBL5107956,2022.0
CHEMBL2046338,2012.0
CHEMBL2380308,2013.0
CHEMBL3351661,2014.0
CHEMBL3124935,2014.0
CHEMBL1157837,2010.0
CHEMBL5214906,2021.0
CHEMBL5223077,2021.0
CHEMBL4706734,2021.0
CHEMBL5126655,2022.0
CHEMBL5335820,2024.0
CHEMBL5126551,2022.0
CHEMBL1148131,2002.0
CHEMBL3112478,2014.0
CHEMBL1148657,2006.0
CHEMBL4673303,2020.0
CHEMBL1136538,2003.0
CHEMBL3352153,2014.0
CHEMBL3769335,2016.0
CHEMBL3217636,2011.0
CHEMBL1142961,2007.0
CHEMBL3352318,2014.0
CHEMBL3352211,2014.0
CHEMBL3351873,2014.0
CHEMBL1156370,2001.0
CHEMBL1137812,2002.0
CHEMBL1275395,2010.0
CHEMBL1255558,2010.0
CHEMBL1909555,2011.0
CHEMBL1926567,2011.0
CHEMBL1146121,2006.0
CHEMBL1944624,2012.0
CHEMBL3407376,2015.0
CHEMBL1146972,2006.0
CHEMBL4699394,2020.0
CHEMBL1157951,2006.0
CHEMBL1157285,2006.0
CHEMBL5136979,2021.0
CHEMBL1938234,2011.0
CHEMBL3751681,2016.0
CHEMBL5338711,2022.0
CHEMBL3414452,2015.0
CHEMBL1926585,2011.0
CHEMBL2311501,2013.0
CHEMBL1143891,2008.0
CHEMBL2439960,2013.0
CHEMBL5150018,2022.0
CHEMBL1153894,2009.0
CHEMBL1151174,2004.0
CHEMBL1629706,2010.0
CHEMBL4251685,2018.0
CHEMBL3351854,2014.0
CHEMBL5244255,2020.0
CHEMBL2069294,2012.0
CHEMBL4266002,2018.0
CHEMBL5038636,2022.0
CHEMBL5335837,2024.0
CHEMBL5113554,2022.0
CHEMBL3588748,2015.0
CHEMBL2321701,2013.0
CHEMBL1773069,2011.0
CHEMBL1153808,2009.0
CHEMBL3861967,2016.0
CHEMBL1157223,2006.0
CHEMBL3785025,2016.0
CHEMBL1158457,2009.0
CHEMBL1151952,2009.0
CHEMBL3994637,2017.0
CHEMBL1671697,2010.0
CHEMBL5104093,2021.0
CHEMBL4609974,2019.0
CHEMBL1140676,2007.0
CHEMBL1158776,2005.0
CHEMBL1157896,2010.0
CHEMBL1221380,2010.0
CHEMBL1158744,2005.0
CHEMBL5260792,2018.0
CHEMBL4411267,2019.0
CHEMBL5390311,2023.0
CHEMBL5385927,2024.0
CHEMBL4219154,2018.0
CHEMBL1141666,2008.0
CHEMBL5335829,2024.0
CHEMBL5257137,2023.0
CHEMBL425,
CHEMBL1155743,2001.0
CHEMBL4431313,2016.0
CHEMBL1155126,2008.0
CHEMBL1158859,1997.0
CHEMBL1154139,2008.0
CHEMBL5365475,2023.0
CHEMBL5370571,2023.0
CHEMBL5370686,2023.0
CHEMBL1275341,2010.0
CHEMBL2062520,2012.0
CHEMBL1141288,2007.0
CHEMBL3396969,2015.0
CHEMBL4610091,2020.0
CHEMBL4610099,2020.0
CHEMBL4831481,2021.0
CHEMBL2407016,2013.0
CHEMBL4819078,2021.0
CHEMBL3813686,2016.0
CHEMBL3286375,2014.0
CHEMBL3286300,2014.0
CHEMBL1772945,2011.0
CHEMBL4828775,2021.0
CHEMBL4414578,2019.0
CHEMBL4837190,2021.0
CHEMBL5154843,2022.0
CHEMBL5241101,2021.0
CHEMBL1152686,2009.0
CHEMBL5316372,2023.0
CHEMBL4190199,2017.0
CHEMBL1921762,2011.0
CHEMBL1152732,2009.0
CHEMBL5390285,2023.0
CHEMBL5365444,2023.0
CHEMBL4308917,2019.0
CHEMBL4732202,2021.0
CHEMBL1150639,2002.0
CHEMBL4706610,2020.0
CHEMBL1687941,2011.0
CHEMBL1146425,1997.0
CHEMBL5143562,2022.0
CHEMBL1157819,2010.0
CHEMBL4619800,2020.0
CHEMBL4613217,2020.0
CHEMBL4613311,2020.0
CHEMBL4613224,2020.0
CHEMBL4433224,2019.0
CHEMBL1143074,2008.0
CHEMBL1153391,2009.0
CHEMBL5036375,2022.0
CHEMBL1681701,2011.0
CHEMBL1157059,2010.0
CHEMBL5149963,2021.0
CHEMBL1151723,2008.0
CHEMBL3259603,2014.0
CHEMBL1772933,2011.0
CHEMBL4715758,2016.0
CHEMBL4616581,2019.0
CHEMBL4610067,2020.0
CHEMBL1649361,2010.0
CHEMBL1649570,2009.0
CHEMBL4342427,2020.0
CHEMBL4184137,2017.0
CHEMBL4725452,2020.0
CHEMBL4118022,2017.0
CHEMBL4402546,2020.0
CHEMBL4334528,2019.0
CHEMBL1212749,2010.0
CHEMBL4622876,2020.0
CHEMBL4251583,2018.0
CHEMBL4814068,2021.0
CHEMBL4184306,2018.0
CHEMBL4304799,2019.0
CHEMBL4316632,2019.0
CHEMBL4316623,2019.0
CHEMBL1142099,2007.0
CHEMBL4261504,2017.0
CHEMBL3217651,2012.0
CHEMBL3351772,2014.0
CHEMBL1146417,1997.0
CHEMBL4602662,2020.0
CHEMBL1149907,2008.0
CHEMBL1141307,2007.0
CHEMBL4043153,2017.0
CHEMBL2417478,2013.0
CHEMBL3407434,2015.0
CHEMBL2021880,2011.0
CHEMBL3232714,2014.0
CHEMBL1275588,2010.0
CHEMBL4190226,2017.0
CHEMBL2384958,2013.0
CHEMBL4330162,2019.0
CHEMBL4130513,2017.0
CHEMBL3853309,2016.0
CHEMBL3734661,2015.0
CHEMBL1255275,2008.0
CHEMBL3826888,2016.0
CHEMBL1153730,2009.0
CHEMBL1177889,2010.0
CHEMBL1139229,2007.0
CHEMBL5321250,2023.0
CHEMBL5244230,2020.0
CHEMBL5321233,2023.0
CHEMBL2057148,2012.0
CHEMBL4043077,2017.0
CHEMBL2062526,2012.0
CHEMBL3877275,2017.0
CHEMBL1157110,2010.0
CHEMBL2040716,2012.0
CHEMBL1146017,2006.0
CHEMBL4266036,2018.0
CHEMBL1157341,2006.0
CHEMBL1142213,2007.0
CHEMBL2169798,2012.0
CHEMBL4130614,2018.0
CHEMBL3232831,2014.0
CHEMBL4699595,2020.0
CHEMBL3352019,2014.0
CHEMBL2434868,2013.0
CHEMBL5260848,2020.0
CHEMBL2062508,2012.0
CHEMBL4699633,2020.0
CHEMBL2331197,2013.0
CHEMBL5233268,2021.0
CHEMBL2086333,2012.0
CHEMBL4414591,2019.0
CHEMBL1149465,2006.0
CHEMBL1157062,2010.0
CHEMBL5260799,2017.0
CHEMBL2203011,2012.0
CHEMBL4028863,2017.0
CHEMBL1157979,2006.0
CHEMBL1140671,2007.0
CHEMBL1145843,2003.0
CHEMBL1138782,2004.0
CHEMBL1134372,2001.0
CHEMBL4811216,2020.0
CHEMBL1156161,2010.0
CHEMBL1649235,2009.0
CHEMBL4311937,2019.0
CHEMBL5380879,2023.0
CHEMBL1155769,2007.0
CHEMBL1154756,2010.0
CHEMBL3352270,2014.0
CHEMBL3632503,2015.0
CHEMBL3085644,2013.0
CHEMBL4602682,2020.0
CHEMBL4813929,2021.0
CHEMBL1149698,2007.0
CHEMBL5104111,2022.0
CHEMBL5329145,2023.0
CHEMBL5385941,2024.0
CHEMBL1138951,2006.0
CHEMBL1153194,2010.0
CHEMBL5053539,2021.0
CHEMBL2321756,2013.0
CHEMBL1255433,2010.0
CHEMBL3286377,2014.0
CHEMBL5385919,2024.0
CHEMBL4627252,2020.0
CHEMBL4229471,2018.0
CHEMBL1149189,2004.0
CHEMBL1773014,2011.0
CHEMBL1765012,2011.0
CHEMBL5113368,2021.0
CHEMBL5226321,2021.0
CHEMBL5380851,2023.0
CHEMBL5104191,2022.0
CHEMBL3576858,2015.0
CHEMBL5385926,2024.0
CHEMBL4396911,2019.0
CHEMBL1130066,1997.0
CHEMBL1129510,1996.0
CHEMBL5230136,2021.0
CHEMBL1154804,2009.0
CHEMBL1142863,2007.0
CHEMBL1147250,2003.0
CHEMBL1146523,2003.0
CHEMBL1157266,2006.0
CHEMBL1250478,2010.0
